Timestamp,Tank_ID,pH,Turbidity,Temperature_C,Quality_Status
2024-12-01 00:00:00,Tank_A,8.300561119584055,3.977963996915369,31.98407399580294,Good
2024-12-01 01:00:00,Tank_C,7.283927121512086,0.548646099592659,26.89771845718871,Good
2024-12-01 02:00:00,Tank_B,8.193578467638392,4.799275583122155,27.231683410990858,Good
2024-12-01 03:00:00,Tank_A,7.592107282986803,0.6886486597300018,24.459282385158765,Good
2024-12-01 04:00:00,Tank_A,7.986050995478952,3.3985764747594693,22.405708812469044,Good
2024-12-01 05:00:00,Tank_B,8.051642393621425,4.378134490572639,25.46874308257164,Good
2024-12-01 06:00:00,Tank_B,7.10042956848541,1.565869387045582,33.95277593258204,Moderate
2024-12-01 07:00:00,Tank_A,8.24475149233435,0.7545132237120072,18.683748329717723,Good
2024-12-01 08:00:00,Tank_A,8.19807373207714,1.192636516041058,27.554007985520528,Good
2024-12-01 09:00:00,Tank_A,8.217192027515372,0.2702014514645368,25.824443812489346,Moderate
2024-12-01 10:00:00,Tank_C,6.533390180663305,2.6961720838586305,30.324429840984024,Good
2024-12-01 11:00:00,Tank_A,6.800317648474773,2.075143208996967,24.950239686242526,Good
2024-12-01 12:00:00,Tank_A,6.623146892037613,4.605573239409424,29.40511525774224,Good
2024-12-01 13:00:00,Tank_C,7.525907511619097,0.21629889213661824,30.39910898814224,Good
2024-12-01 14:00:00,Tank_C,7.4646765717248424,0.20813873774686686,32.557052955249596,Moderate
2024-12-01 15:00:00,Tank_B,7.252674982542144,1.2484961242203907,28.639437850506184,Moderate
2024-12-01 16:00:00,Tank_C,7.5695289987171925,2.8022072502374678,28.32158362670846,Good
2024-12-01 17:00:00,Tank_A,7.7310630575554695,1.2799151521419323,17.683302638932172,Good
2024-12-01 18:00:00,Tank_A,6.89875655774903,3.232991759874593,22.629173404249684,Moderate
2024-12-01 19:00:00,Tank_B,8.349749022102149,2.9644618655582997,18.322671380726362,Good
2024-12-01 20:00:00,Tank_A,6.927059885511957,0.6643585514890216,30.569208761089186,Good
2024-12-01 21:00:00,Tank_A,7.707183659049697,4.98699494149012,23.0613004946053,Good
2024-12-01 22:00:00,Tank_B,7.372671141058355,0.8888552948071615,31.2726112888246,Poor
2024-12-01 23:00:00,Tank_C,7.9502864383768825,0.8723107479863357,25.772245965822627,Good
2024-12-02 00:00:00,Tank_A,7.292059858266641,4.25867001224671,32.14238068002815,Good
2024-12-02 01:00:00,Tank_C,6.962270869661667,4.881348370334334,19.959736724404923,Moderate
2024-12-02 02:00:00,Tank_B,7.596082227928656,0.9663690513656448,25.140030345972644,Moderate
2024-12-02 03:00:00,Tank_C,6.534341029400343,0.7191860706874875,27.839759801016044,Good
2024-12-02 04:00:00,Tank_A,6.885153764785175,0.8978467545885049,17.8925779530263,Good
2024-12-02 05:00:00,Tank_B,6.733306073709606,0.8394962804475065,16.045526006536434,Good
2024-12-02 06:00:00,Tank_B,6.58118359532031,4.896095175277616,25.721031298123656,Moderate
2024-12-02 07:00:00,Tank_A,7.120107568818312,2.018860005953303,16.329453106534842,Good
2024-12-02 08:00:00,Tank_C,8.485425583715406,0.4665710682110391,28.869505894246288,Good
2024-12-02 09:00:00,Tank_C,7.561039629468029,3.098729641566586,31.161357614408185,Good
2024-12-02 10:00:00,Tank_B,6.620975214107043,0.09984660192799866,30.89963803322647,Good
2024-12-02 11:00:00,Tank_C,8.094028036410144,3.395724244405389,19.51115614132243,Good
2024-12-02 12:00:00,Tank_A,6.511957219326334,4.808617089482254,34.44240339473119,Moderate
2024-12-02 13:00:00,Tank_B,7.773266685628325,1.493103252387224,19.292772702259022,Moderate
2024-12-02 14:00:00,Tank_C,7.613678555313639,4.606202698117407,23.69550964593475,Good
2024-12-02 15:00:00,Tank_C,7.374060826796359,3.750102605892291,33.432943657085175,Good
2024-12-02 16:00:00,Tank_B,7.1755095240032265,0.009153484548307111,19.32032223634134,Good
2024-12-02 17:00:00,Tank_A,8.286932623395648,0.9902789803844536,17.74189547883233,Moderate
2024-12-02 18:00:00,Tank_A,6.81194294185992,3.4682938407642903,15.839460984004488,Good
2024-12-02 19:00:00,Tank_A,7.566839012126788,3.691786519184234,32.281246323669585,Good
2024-12-02 20:00:00,Tank_B,7.979994114370307,0.6803944106096893,20.135516492964687,Good
2024-12-02 21:00:00,Tank_C,6.840269963254703,0.65359486059482,26.276749230399517,Good
2024-12-02 22:00:00,Tank_A,8.078328672661483,1.9649880482320108,24.406227875027753,Moderate
2024-12-02 23:00:00,Tank_C,7.498955542727524,0.44112644222899955,18.475556579488305,Good
2024-12-03 00:00:00,Tank_A,6.7817290792848945,4.312182479105749,28.272812855005945,Good
2024-12-03 01:00:00,Tank_A,7.40574238486068,0.9281509350383788,17.22979508362891,Poor
2024-12-03 02:00:00,Tank_A,7.743899287340387,1.173053230363147,17.38231014843523,Good
2024-12-03 03:00:00,Tank_B,6.643446058800608,1.454221728080466,23.436280642381625,Good
2024-12-03 04:00:00,Tank_C,8.376288961537432,0.15339303563898454,22.947667896142292,Good
2024-12-03 05:00:00,Tank_A,6.920509086445048,0.9451884976450736,29.862832255621186,Moderate
2024-12-03 06:00:00,Tank_A,6.697988239696242,2.8216578759897333,25.420176138568976,Good
2024-12-03 07:00:00,Tank_B,7.679855576319683,0.28324582410658605,15.68203985535106,Poor
2024-12-03 08:00:00,Tank_C,6.936980944846427,2.699609243460628,25.720153207963307,Moderate
2024-12-03 09:00:00,Tank_A,7.80704277855357,2.536595699666657,34.834834486017,Good
2024-12-03 10:00:00,Tank_A,6.923683580789315,3.7826021822628397,18.761305524848847,Moderate
2024-12-03 11:00:00,Tank_C,6.545776835375941,1.1986851371795781,15.408032854876275,Moderate
2024-12-03 12:00:00,Tank_B,7.221203028313178,4.0619305408389454,18.168262251156072,Good
2024-12-03 13:00:00,Tank_B,7.417163670019346,1.5613541797912223,17.8522786917384,Good
2024-12-03 14:00:00,Tank_C,7.366836976172188,1.3893476150409705,21.18067187411062,Good
2024-12-03 15:00:00,Tank_B,7.504933306316115,0.9694851378813768,27.653283241754977,Good
2024-12-03 16:00:00,Tank_B,8.207406553839128,2.096890735150992,30.433364061598212,Good
2024-12-03 17:00:00,Tank_A,6.929156161606922,4.585542055347973,31.94539105153031,Good
2024-12-03 18:00:00,Tank_C,7.5451285572277556,0.8320164376280609,30.67170025576596,Good
2024-12-03 19:00:00,Tank_C,7.604869193119402,4.374331000880214,25.9750994124835,Good
2024-12-03 20:00:00,Tank_A,6.836163610563842,0.9506536378275132,20.77916426917748,Good
2024-12-03 21:00:00,Tank_C,8.123174932937939,3.6452134090853865,15.615633508625766,Moderate
2024-12-03 22:00:00,Tank_C,8.333437572148446,0.3414038464777752,30.849075447408506,Moderate
2024-12-03 23:00:00,Tank_C,7.854097312909526,4.396675967060311,22.89471749543561,Good
2024-12-04 00:00:00,Tank_C,7.0032578418005205,1.3741064955526328,32.33713710841047,Moderate
2024-12-04 01:00:00,Tank_A,6.738787539502919,4.941340975911187,23.66691168048522,Good
2024-12-04 02:00:00,Tank_A,7.316604726134387,1.979310230260719,27.54355472370718,Good
2024-12-04 03:00:00,Tank_C,6.9817546273829905,2.6269921368357645,18.559505971604196,Good
2024-12-04 04:00:00,Tank_C,8.218147768325238,4.007064436337676,23.071761052124693,Good
2024-12-04 05:00:00,Tank_A,7.894720104744508,3.2617528573577115,27.361490626809452,Moderate
2024-12-04 06:00:00,Tank_C,6.767915545265524,4.508063391973531,22.403728219471994,Good
2024-12-04 07:00:00,Tank_A,6.923878833350188,4.381535302486499,21.91461510693799,Good
2024-12-04 08:00:00,Tank_B,7.558289743404238,1.3645020625619293,29.865396767082203,Moderate
2024-12-04 09:00:00,Tank_B,7.587202518468848,1.6976555649490066,15.950236350103923,Good
2024-12-04 10:00:00,Tank_A,6.5647580662264655,3.6111172517910104,22.396820341173978,Moderate
2024-12-04 11:00:00,Tank_A,6.78153604285733,1.3868494623643297,19.703357763433377,Poor
2024-12-04 12:00:00,Tank_C,6.836036605336485,4.715528874452094,21.55330754548081,Good
2024-12-04 13:00:00,Tank_B,7.633513138429311,0.02599533819511224,24.960074769071223,Good
2024-12-04 14:00:00,Tank_A,7.19891665694192,3.074500118045193,16.009264319447457,Moderate
2024-12-04 15:00:00,Tank_C,7.422763130489426,4.010207127604914,30.310682317946103,Good
2024-12-04 16:00:00,Tank_A,8.449300240225352,2.1413986039677724,18.368188539689573,Good
2024-12-04 17:00:00,Tank_A,7.64344843455013,0.254169152964413,19.932620948969564,Good
2024-12-04 18:00:00,Tank_B,7.056042549899593,2.6576464556128796,23.455363207184785,Poor
2024-12-04 19:00:00,Tank_B,7.403197248991421,4.392258457637953,23.342106754855624,Good
2024-12-04 20:00:00,Tank_A,6.9643065360924545,0.2150192577141874,15.25880224355265,Moderate
2024-12-04 21:00:00,Tank_B,7.4394476784890635,2.7094005146741273,18.99150700132433,Good
2024-12-04 22:00:00,Tank_B,7.905417982312801,4.050607729743822,30.03117371681626,Good
2024-12-04 23:00:00,Tank_A,6.818954089161381,1.510883098265311,20.42312549036111,Good
2024-12-05 00:00:00,Tank_B,7.3400719217046415,4.195175720186405,30.926520707773463,Moderate
2024-12-05 01:00:00,Tank_B,8.11276631927449,4.023823459094025,18.255679030688455,Good
2024-12-05 02:00:00,Tank_B,7.243830078326313,4.60609864277831,16.133716237354307,Good
2024-12-05 03:00:00,Tank_B,6.980668859255585,0.11268005418760108,15.604445082036403,Poor
2024-12-05 04:00:00,Tank_A,8.413799541074233,2.6986827820020993,23.474109737869036,Moderate
2024-12-05 05:00:00,Tank_A,7.031547674635926,4.252453264519378,33.83657996574189,Good
2024-12-05 06:00:00,Tank_C,8.265966224881232,2.300262449946973,15.36250228930913,Good
2024-12-05 07:00:00,Tank_C,8.383146407679781,3.0940317577095673,21.946915351781133,Good
2024-12-05 08:00:00,Tank_B,8.118304245200033,1.022306523022651,33.98027884571779,Good
2024-12-05 09:00:00,Tank_C,7.659194041863728,4.486200883580373,27.59871648083996,Good
2024-12-05 10:00:00,Tank_A,7.646531804397378,1.6465798627160906,26.75965301969137,Good
2024-12-05 11:00:00,Tank_C,7.754782550605136,2.275340685969863,19.007482974931953,Poor
2024-12-05 12:00:00,Tank_B,7.570864742335172,0.4707102231431143,28.70785936147873,Good
2024-12-05 13:00:00,Tank_C,7.331920745018116,1.2443576634643083,33.676909417632146,Good
2024-12-05 14:00:00,Tank_C,8.416486295287477,4.343478615053128,26.81840392545418,Poor
2024-12-05 15:00:00,Tank_A,6.915941238700594,0.4394833898690259,16.42458157063057,Moderate
2024-12-05 16:00:00,Tank_C,7.277894729450749,4.045319614240331,23.544414458116083,Good
2024-12-05 17:00:00,Tank_C,6.751603482041648,3.326365935495896,32.1799306528649,Good
2024-12-05 18:00:00,Tank_B,7.747566876340114,1.1939331287775645,27.410829720802923,Good
2024-12-05 19:00:00,Tank_B,7.318289375339752,0.1902329558591681,19.965145350330964,Good
2024-12-05 20:00:00,Tank_B,6.927661600131945,2.891868297043547,22.44263568277258,Moderate
2024-12-05 21:00:00,Tank_A,6.6562129143669235,1.357980565119032,27.4943385583567,Moderate
2024-12-05 22:00:00,Tank_B,6.65051569574331,0.6208605523023797,27.630746715840914,Moderate
2024-12-05 23:00:00,Tank_A,6.801271415186463,0.7997802786273667,17.65230382379055,Good
2024-12-06 00:00:00,Tank_A,7.992211321135569,0.4010604176991539,17.03054155770209,Good
2024-12-06 01:00:00,Tank_B,7.313332175615888,1.5841808578506678,22.558744684159635,Moderate
2024-12-06 02:00:00,Tank_A,7.4263636352815885,2.7200821129899255,17.479212117825544,Good
2024-12-06 03:00:00,Tank_A,7.486739212547442,4.893362638409581,23.100285906180854,Good
2024-12-06 04:00:00,Tank_B,7.452282314663673,4.7485634649357795,26.45293762954312,Good
2024-12-06 05:00:00,Tank_A,8.234991412950674,3.9986965144163626,31.851652101904623,Good
2024-12-06 06:00:00,Tank_A,7.553499606235127,4.510093358213228,28.309037240537144,Moderate
2024-12-06 07:00:00,Tank_C,7.955032102445715,3.8358329720817625,28.45521936120197,Good
2024-12-06 08:00:00,Tank_C,8.008851044348678,2.638829955943157,29.60838117062394,Good
2024-12-06 09:00:00,Tank_C,7.915019252018991,1.9140332173047043,19.679028068667485,Good
2024-12-06 10:00:00,Tank_B,7.618418196859579,2.8706163047080024,28.659744328628914,Good
2024-12-06 11:00:00,Tank_A,6.621257880427865,0.7033041137331986,33.61349838104671,Good
2024-12-06 12:00:00,Tank_A,7.4090214793595335,2.7094079014804633,20.36095370222062,Moderate
2024-12-06 13:00:00,Tank_C,7.505694436916192,4.775133710329008,19.323088061237094,Good
2024-12-06 14:00:00,Tank_B,8.023006491681736,1.711000855299964,15.216313823947027,Moderate
2024-12-06 15:00:00,Tank_C,8.359812064522258,1.5888919163270039,26.037905769895143,Good
2024-12-06 16:00:00,Tank_B,6.824286744915292,0.07580371129546737,16.13966836806767,Moderate
2024-12-06 17:00:00,Tank_A,7.449529998048403,1.6147774522831904,22.607317464764527,Moderate
2024-12-06 18:00:00,Tank_A,6.558282587616023,3.9001538936359674,27.67706835138482,Good
2024-12-06 19:00:00,Tank_C,8.177338495806096,1.165360337705677,19.11371899286306,Good
2024-12-06 20:00:00,Tank_B,6.528363383553976,1.8151923270044201,26.20591886628352,Good
2024-12-06 21:00:00,Tank_C,8.374807349826016,3.5182459522219087,17.800572639904274,Good
2024-12-06 22:00:00,Tank_C,7.063179132787457,2.282762041169399,19.999357163370632,Good
2024-12-06 23:00:00,Tank_A,8.028292208341677,4.353830963778109,25.991233213707332,Good
2024-12-07 00:00:00,Tank_C,8.04609284789618,1.9003066477624553,20.839714356186946,Good
2024-12-07 01:00:00,Tank_A,7.042351742420531,2.4297685574420247,33.37055857148468,Good
2024-12-07 02:00:00,Tank_A,8.243786709680869,1.4600383132921602,21.208123192817595,Good
2024-12-07 03:00:00,Tank_A,6.798033326380441,1.2150152449934148,16.526412345063267,Good
2024-12-07 04:00:00,Tank_A,7.626949233356766,1.1921999625302226,32.20260828998303,Good
2024-12-07 05:00:00,Tank_B,7.06251492043196,4.511046613657706,21.25022277949565,Good
2024-12-07 06:00:00,Tank_C,6.61885087645295,1.7472483206810545,18.01511401366469,Good
2024-12-07 07:00:00,Tank_B,7.961062441263719,4.08701629967215,17.354804954647484,Good
2024-12-07 08:00:00,Tank_A,7.765789366512673,3.8568601009644343,24.752793795848124,Good
2024-12-07 09:00:00,Tank_C,6.712025130792049,1.241779353707289,19.85899174452321,Good
2024-12-07 10:00:00,Tank_A,7.074911299372815,1.256443710963352,29.176343882213025,Good
2024-12-07 11:00:00,Tank_B,8.360771824009376,4.825783751604698,21.582999717057678,Good
2024-12-07 12:00:00,Tank_C,6.50289683455579,1.546853718223005,34.416617775355206,Good
2024-12-07 13:00:00,Tank_B,8.472593307990849,1.8804483288721792,31.281741321845086,Good
2024-12-07 14:00:00,Tank_B,7.46208973600862,2.046364899129121,25.52670953441214,Good
2024-12-07 15:00:00,Tank_B,7.831504599881671,4.178241355470747,23.7661482531795,Good
2024-12-07 16:00:00,Tank_A,7.036349253880655,0.2078430475189602,21.264918568946882,Good
2024-12-07 17:00:00,Tank_C,6.8489762161908905,1.0273423057371656,15.250689699871359,Moderate
2024-12-07 18:00:00,Tank_C,7.356497611201596,0.4662142192309787,26.23045679285842,Poor
2024-12-07 19:00:00,Tank_B,6.712935393256792,0.3304720801780475,24.11990085625208,Good
2024-12-07 20:00:00,Tank_B,7.264473770326134,0.5492030341802756,17.804549209793805,Good
2024-12-07 21:00:00,Tank_B,7.992592457372851,4.439144363471003,20.54468936250148,Good
2024-12-07 22:00:00,Tank_C,6.777991880250598,3.384761329750397,26.26080635031256,Good
2024-12-07 23:00:00,Tank_C,7.502426864605582,0.6037785560883263,18.912350683353424,Good
2024-12-08 00:00:00,Tank_A,7.643539147233023,2.9165968840646745,25.859144995017388,Good
2024-12-08 01:00:00,Tank_C,6.95935123557699,1.9196968758182793,20.030592636012372,Good
2024-12-08 02:00:00,Tank_A,8.13762271870634,3.646567536953848,31.223744668379343,Good
2024-12-08 03:00:00,Tank_A,7.350980854883213,3.252327864687567,26.087506855426444,Poor
2024-12-08 04:00:00,Tank_C,7.8298083729802155,0.546621382932076,30.29682449740849,Good
2024-12-08 05:00:00,Tank_B,6.683138583532023,0.82631856551659,18.74438735780944,Good
2024-12-08 06:00:00,Tank_C,7.343383410316437,3.480015496429994,21.22074667499633,Moderate
2024-12-08 07:00:00,Tank_A,7.538984262452404,2.7939704913755485,19.56824964692538,Poor
2024-12-08 08:00:00,Tank_C,8.228128264763509,2.4082521081733295,16.670781013306918,Moderate
2024-12-08 09:00:00,Tank_B,7.211181095702677,4.904421035552268,28.60095104652254,Moderate
2024-12-08 10:00:00,Tank_C,8.47313925658423,3.782029806649593,28.69126447433398,Poor
2024-12-08 11:00:00,Tank_B,6.564719077634745,3.4737308933076214,19.526749300779706,Good
2024-12-08 12:00:00,Tank_B,6.55123026052517,4.791706944969969,29.83180380064283,Moderate
2024-12-08 13:00:00,Tank_B,7.279043320147378,4.2695685488850685,32.996262237001005,Poor
2024-12-08 14:00:00,Tank_A,6.548901754673612,2.92385947194616,18.359752553493266,Good
2024-12-08 15:00:00,Tank_B,7.488915928589172,0.626988650771591,19.443046488148372,Good
2024-12-08 16:00:00,Tank_A,8.177060961892225,2.7496466005538482,29.68026087256494,Good
2024-12-08 17:00:00,Tank_A,6.707149861692174,0.22388595144816503,17.183978733787754,Moderate
2024-12-08 18:00:00,Tank_B,8.243627437895094,3.3006984178725824,30.74312545633866,Poor
2024-12-08 19:00:00,Tank_A,6.998236438544331,1.7548591079321736,26.386193025955535,Good
2024-12-08 20:00:00,Tank_A,7.998561290117294,0.7800225058302185,25.01842987584091,Moderate
2024-12-08 21:00:00,Tank_B,7.714181537292056,1.4955988961433446,23.701445162982836,Moderate
2024-12-08 22:00:00,Tank_B,7.068287494213507,1.789785105088915,25.981868100389843,Good
2024-12-08 23:00:00,Tank_C,7.726871041572304,1.817680693869415,27.961531503596923,Poor
2024-12-09 00:00:00,Tank_B,6.693861238808951,3.12992189715082,25.474019881897526,Good
2024-12-09 01:00:00,Tank_A,7.257841083877385,3.656098301918882,27.463768718052982,Good
2024-12-09 02:00:00,Tank_A,7.276231837681976,2.913011021390112,20.833654593217382,Good
2024-12-09 03:00:00,Tank_C,7.746489271221662,2.324774552965066,28.792100552613455,Good
2024-12-09 04:00:00,Tank_A,7.035125206126435,3.3031745105943875,30.013856703445487,Good
2024-12-09 05:00:00,Tank_B,7.961161374961675,1.1824284312011368,19.946908828837223,Poor
2024-12-09 06:00:00,Tank_B,7.193868442219986,0.08723097803642832,23.2622007992532,Good
2024-12-09 07:00:00,Tank_C,6.614592398413572,2.780768905457191,20.116420977496865,Good
2024-12-09 08:00:00,Tank_B,6.902603760195639,3.5411530140916856,16.20931221622697,Good
2024-12-09 09:00:00,Tank_B,6.9116522964575555,2.7910626208954596,32.82183288329603,Good
2024-12-09 10:00:00,Tank_C,7.31167100502976,0.6001039525387314,17.22636542568097,Good
2024-12-09 11:00:00,Tank_A,7.517200518890524,2.242051107069532,29.009247891874438,Poor
2024-12-09 12:00:00,Tank_B,6.538150993751849,2.308148137929562,17.876268167081257,Good
2024-12-09 13:00:00,Tank_A,7.573071445409603,0.5616435054758073,16.026074998646532,Good
2024-12-09 14:00:00,Tank_C,6.911941084625419,2.184441826059855,22.909624145634925,Good
2024-12-09 15:00:00,Tank_B,7.334236499519631,4.310211520042576,26.561187107871206,Good
2024-12-09 16:00:00,Tank_A,7.784464813128769,3.8477230951343717,19.630695444641766,Moderate
2024-12-09 17:00:00,Tank_A,6.934809149900414,4.699559278021784,16.889151320540137,Moderate
2024-12-09 18:00:00,Tank_A,7.746526476448833,2.112012792282397,17.398884524140964,Good
2024-12-09 19:00:00,Tank_A,6.518444790548329,2.858301478732226,23.43142838384913,Good
2024-12-09 20:00:00,Tank_C,7.3172811376997124,2.4310528718634687,31.614289172831654,Moderate
2024-12-09 21:00:00,Tank_A,8.496765959308812,0.5254606842353121,28.910588010310803,Moderate
2024-12-09 22:00:00,Tank_A,8.213005871090553,1.5890234263541236,19.22329922392611,Good
2024-12-09 23:00:00,Tank_A,7.921563445803072,4.849862888847698,31.454821018851288,Good
2024-12-10 00:00:00,Tank_B,8.444373986946829,0.6969071274644145,29.399090433863734,Good
2024-12-10 01:00:00,Tank_B,7.247464838461466,4.14655676341574,32.41566161811498,Good
2024-12-10 02:00:00,Tank_A,8.43663446179919,3.9263176452137376,32.7885361010559,Good
2024-12-10 03:00:00,Tank_A,7.246868363988504,0.12571603528588382,28.378719992215654,Moderate
2024-12-10 04:00:00,Tank_C,7.652013763335816,3.9425721053575824,31.100092259912717,Good
2024-12-10 05:00:00,Tank_C,8.152319601277075,2.73607566246868,23.683611234216457,Good
2024-12-10 06:00:00,Tank_A,7.603657743497924,1.5667727756391792,26.955491485914056,Good
2024-12-10 07:00:00,Tank_A,8.11475172197678,4.167976427682035,16.87864178098302,Good
2024-12-10 08:00:00,Tank_B,6.513185263872509,3.003783753209576,17.923818311684755,Moderate
2024-12-10 09:00:00,Tank_A,6.993725040239222,0.855268649554643,28.997934029212182,Good
2024-12-10 10:00:00,Tank_B,7.567592373632319,3.5568282723771985,20.83288068308889,Good
2024-12-10 11:00:00,Tank_B,7.161552341618275,2.4056850259439106,15.399435799665387,Good
2024-12-10 12:00:00,Tank_B,6.948583050052399,3.6520374443556927,23.50557725334636,Moderate
2024-12-10 13:00:00,Tank_C,8.434464430356519,1.895213443260565,19.631194752726728,Good
2024-12-10 14:00:00,Tank_B,7.843228673489333,2.4327243725490497,27.364623746754035,Good
2024-12-10 15:00:00,Tank_B,6.545394045449539,4.342807740015516,20.669293110565373,Poor
2024-12-10 16:00:00,Tank_B,7.963075041528169,1.688370249370027,25.68794664909135,Moderate
2024-12-10 17:00:00,Tank_A,8.432928042746191,4.693680388865539,18.778440898310887,Moderate
2024-12-10 18:00:00,Tank_B,8.26124847909254,3.083201475201958,27.55673027657868,Poor
2024-12-10 19:00:00,Tank_C,8.090174385206524,4.62624048962719,26.625265465292408,Good
2024-12-10 20:00:00,Tank_A,6.542063996595479,4.02689599408192,21.9210020860164,Good
2024-12-10 21:00:00,Tank_A,8.22846313097423,2.743571566612832,22.810452756270905,Good
2024-12-10 22:00:00,Tank_A,7.916039682473947,4.290206405938481,25.497223377000946,Moderate
2024-12-10 23:00:00,Tank_C,8.43057352324136,0.6161656826138279,31.86429702934721,Good
2024-12-11 00:00:00,Tank_C,6.6048899343074545,0.25962349388752637,30.003371432235078,Good
2024-12-11 01:00:00,Tank_B,6.978279501626718,3.0231065859548174,18.449535608688286,Good
2024-12-11 02:00:00,Tank_A,8.2326986518842,1.5706300579350696,17.805445639727765,Good
2024-12-11 03:00:00,Tank_C,7.734948069252123,0.7946901367850662,34.232924872949404,Moderate
2024-12-11 04:00:00,Tank_B,6.508803632398682,3.8782662195794577,29.93071867766193,Good
2024-12-11 05:00:00,Tank_B,6.920745219741379,3.7174776010985267,24.645304923304224,Good
2024-12-11 06:00:00,Tank_B,7.163429977604217,3.2245434904886765,20.645921185546968,Good
2024-12-11 07:00:00,Tank_C,8.322184738228103,3.2802300385752003,31.950763146253504,Good
2024-12-11 08:00:00,Tank_B,7.012718718133356,2.391270767715425,34.50712570016009,Good
2024-12-11 09:00:00,Tank_A,7.779576397994909,2.8514509288205483,30.484176664635932,Moderate
2024-12-11 10:00:00,Tank_A,7.994409279872162,0.21457396553759056,34.89037257634634,Good
2024-12-11 11:00:00,Tank_B,8.465105679850623,4.886820403788598,21.07538236118298,Good
2024-12-11 12:00:00,Tank_C,6.760018518042964,2.940226217262575,17.11308346186412,Moderate
2024-12-11 13:00:00,Tank_C,7.147041877439431,0.3476340716680665,31.00575838317443,Good
2024-12-11 14:00:00,Tank_C,7.727672264521484,4.640242088567907,31.565666591472137,Good
2024-12-11 15:00:00,Tank_B,7.9694717186987445,3.3438489347032396,25.069612175774417,Good
2024-12-11 16:00:00,Tank_C,6.685307033935828,1.763473437000505,33.28060118961105,Good
2024-12-11 17:00:00,Tank_C,7.929774835574728,2.2526302916171304,30.957720008250767,Good
2024-12-11 18:00:00,Tank_A,7.347413998355312,1.916555732903376,29.148716199376707,Poor
2024-12-11 19:00:00,Tank_A,7.085147983721527,2.3995364852832406,25.54485625037129,Good
2024-12-11 20:00:00,Tank_C,7.393155078987155,3.7800095721288396,31.68259459981757,Good
2024-12-11 21:00:00,Tank_C,8.25746706627036,1.812653503715667,29.94272508750334,Moderate
2024-12-11 22:00:00,Tank_C,6.637208791859399,2.898853678116792,28.67930629305367,Moderate
2024-12-11 23:00:00,Tank_B,8.355769978799863,4.793872517575312,32.2553542509454,Good
2024-12-12 00:00:00,Tank_B,7.394338464367354,1.2340834441439141,16.637041282445878,Good
2024-12-12 01:00:00,Tank_C,6.990630903755413,0.08446238533029171,25.7371488308059,Moderate
2024-12-12 02:00:00,Tank_C,8.346010978009133,3.8119441348888716,27.944264152136537,Moderate
2024-12-12 03:00:00,Tank_A,6.501636352541034,2.9627945266931532,15.374824842890337,Good
2024-12-12 04:00:00,Tank_B,7.759139679511683,0.7505197113383738,24.376633069881954,Good
2024-12-12 05:00:00,Tank_A,7.565856649770968,0.20862852952013566,20.980256140161824,Good
2024-12-12 06:00:00,Tank_C,7.116804352031329,1.7405939298597795,25.688816047526615,Good
2024-12-12 07:00:00,Tank_B,6.596219972249281,1.4502694617586942,16.40982966901982,Good
2024-12-12 08:00:00,Tank_A,6.932927395456936,0.6260483831862118,23.546344046381414,Good
2024-12-12 09:00:00,Tank_B,7.206868558731857,0.030212668355121264,16.444159257141358,Poor
2024-12-12 10:00:00,Tank_B,8.244394992506932,4.8852920295891025,21.028932935281958,Good
2024-12-12 11:00:00,Tank_B,7.283640754597874,2.632475445112073,23.242162306376866,Good
2024-12-12 12:00:00,Tank_C,6.837821945668571,0.7939406938388349,18.11175710469842,Moderate
2024-12-12 13:00:00,Tank_B,6.74640734039494,0.5831453220871252,30.24308966455104,Good
2024-12-12 14:00:00,Tank_A,6.570266729932559,0.1050494151437753,25.172678433521085,Good
2024-12-12 15:00:00,Tank_C,7.039041355604816,1.0057056962445117,22.07872698417148,Good
2024-12-12 16:00:00,Tank_B,7.858783821795141,0.6783596961909605,21.192214986197875,Poor
2024-12-12 17:00:00,Tank_B,7.120191657975686,0.9099715021572718,34.928080564658785,Good
2024-12-12 18:00:00,Tank_C,6.66004438603885,1.5231510840320506,31.827635450413577,Good
2024-12-12 19:00:00,Tank_C,8.256752274285159,2.276759916886209,15.770483272001739,Good
2024-12-12 20:00:00,Tank_A,7.019546892826187,1.8351330957880947,29.473288515522498,Good
2024-12-12 21:00:00,Tank_A,8.295806629325053,1.3777058888006866,24.926693185651693,Good
2024-12-12 22:00:00,Tank_B,8.12030025941848,4.448463142817882,30.263343822376694,Good
2024-12-12 23:00:00,Tank_A,7.284413298583489,4.822778885554916,31.51777248668102,Good
2024-12-13 00:00:00,Tank_C,8.233644129428754,4.995486602780196,22.837384661850734,Good
2024-12-13 01:00:00,Tank_A,7.6683359620421845,3.7830587768437973,23.288104467939146,Poor
2024-12-13 02:00:00,Tank_C,7.442363266836426,0.8145022940186669,25.15544540630146,Good
2024-12-13 03:00:00,Tank_A,7.7210267774744406,0.08125648646976458,16.432964414684385,Good
2024-12-13 04:00:00,Tank_A,6.551765592923253,4.322564735317829,26.738983499269356,Good
2024-12-13 05:00:00,Tank_A,6.515235428193718,0.4843025289281866,18.774895386182706,Moderate
2024-12-13 06:00:00,Tank_C,7.390957730514091,3.7345051749206997,23.429390043801572,Moderate
2024-12-13 07:00:00,Tank_A,6.884225780132402,4.321495465300947,16.70084723371708,Poor
2024-12-13 08:00:00,Tank_A,7.190269235115436,2.9067769865492714,16.219872250052198,Good
2024-12-13 09:00:00,Tank_A,8.21205723941266,4.477889021817944,24.84300573705434,Good
2024-12-13 10:00:00,Tank_C,7.440665374539027,0.8356362461596772,27.619396881681514,Good
2024-12-13 11:00:00,Tank_C,7.733326542002205,0.060929385332028074,23.756432390603784,Good
2024-12-13 12:00:00,Tank_A,6.66456795721591,4.131762171867114,29.634104280387547,Moderate
2024-12-13 13:00:00,Tank_B,8.237905760294602,0.29057106554349343,22.254457556852547,Good
2024-12-13 14:00:00,Tank_C,7.979259691075425,3.7161848551927266,30.463713414607074,Moderate
2024-12-13 15:00:00,Tank_A,6.839144883937529,1.2484088013797334,26.887182192342383,Good
2024-12-13 16:00:00,Tank_A,7.142160665181054,4.950767353522626,28.509023260369,Moderate
2024-12-13 17:00:00,Tank_A,8.02785826089297,1.1836038137364784,23.805750164067444,Good
2024-12-13 18:00:00,Tank_C,7.59496714470034,3.5020082700435644,30.71381328017712,Poor
2024-12-13 19:00:00,Tank_C,8.106758980063585,4.789736294137953,18.58996345640857,Moderate
2024-12-13 20:00:00,Tank_C,7.573033433830306,1.1641463144519792,19.784415632746224,Poor
2024-12-13 21:00:00,Tank_C,7.988569926474628,3.6475493441687608,22.761769225759526,Good
2024-12-13 22:00:00,Tank_C,7.628935565171953,0.9420039879319758,17.684235064905483,Good
2024-12-13 23:00:00,Tank_B,7.795420046773152,3.1890490590940828,19.134510451134084,Good
2024-12-14 00:00:00,Tank_B,8.411931997656223,3.6407126225851023,20.31646013259232,Good
2024-12-14 01:00:00,Tank_A,6.718144263199399,2.881844733258017,26.128891378839228,Good
2024-12-14 02:00:00,Tank_A,7.814517557233905,4.513857446105061,28.228659329972352,Good
2024-12-14 03:00:00,Tank_C,7.217803687667651,2.5764712851368077,17.128730500006768,Moderate
2024-12-14 04:00:00,Tank_C,7.389338786494974,0.12696057524285487,34.62046032994065,Good
2024-12-14 05:00:00,Tank_C,8.312560256157212,0.06568426863681587,23.5287564997995,Good
2024-12-14 06:00:00,Tank_C,7.422409548847999,1.4506280256812514,25.73202584385396,Good
2024-12-14 07:00:00,Tank_A,7.08783290627627,3.6232450948997235,34.66937628012432,Good
2024-12-14 08:00:00,Tank_A,7.592269189468647,0.04673299686151877,29.64028335906548,Good
2024-12-14 09:00:00,Tank_C,7.537039722815146,2.6603721632952837,17.50347202707578,Good
2024-12-14 10:00:00,Tank_C,7.636145935339623,0.46419194527504704,32.32912295883436,Moderate
2024-12-14 11:00:00,Tank_C,8.430402047772414,0.4392569520809181,30.330735180091807,Good
2024-12-14 12:00:00,Tank_B,6.599427474768035,3.6641420649640253,28.761763927558466,Moderate
2024-12-14 13:00:00,Tank_B,7.729360663581353,1.9069367875949377,32.372671715626225,Good
2024-12-14 14:00:00,Tank_B,6.794604957383919,2.3855237021219216,19.656534364476066,Good
2024-12-14 15:00:00,Tank_C,8.207774357467843,1.5238327199535044,29.580331408465643,Good
2024-12-14 16:00:00,Tank_B,6.5489417639163054,0.09322529668579271,33.94402591175965,Good
2024-12-14 17:00:00,Tank_C,8.183057325808278,4.51348618447499,17.959653581923543,Good
2024-12-14 18:00:00,Tank_B,6.559447280927232,2.090642872238062,27.40147494479163,Good
2024-12-14 19:00:00,Tank_C,8.288709499020698,4.428595238388025,33.22787425717847,Poor
2024-12-14 20:00:00,Tank_C,7.129045481218774,4.292609185517674,24.064037738501966,Good
2024-12-14 21:00:00,Tank_C,6.853680414334706,3.0776016327689732,29.17778473975134,Good
2024-12-14 22:00:00,Tank_B,6.975051397609083,4.372253525460453,23.457510846734777,Good
2024-12-14 23:00:00,Tank_C,6.694111890978688,2.0999676353381953,24.656921867895772,Good
2024-12-15 00:00:00,Tank_A,8.441087833079942,4.307342515021032,31.396576168747988,Moderate
2024-12-15 01:00:00,Tank_A,6.98590420410924,1.2708293165132805,32.096124310956,Good
2024-12-15 02:00:00,Tank_C,7.872525657940968,1.4148272835535374,29.7654002657969,Good
2024-12-15 03:00:00,Tank_C,7.111006490918099,4.97290203479728,23.343117850241946,Good
2024-12-15 04:00:00,Tank_C,7.733817833008798,0.0019533759630679937,29.763402980280553,Good
2024-12-15 05:00:00,Tank_B,6.997277530124977,4.745466320132035,21.819905970388415,Poor
2024-12-15 06:00:00,Tank_C,7.859741786916566,4.739760821211386,31.7550983917666,Good
2024-12-15 07:00:00,Tank_B,8.060992987355407,2.32737220197568,26.445877864049553,Good
2024-12-15 08:00:00,Tank_B,6.927999167045652,1.5259329437474793,16.7638205601381,Moderate
2024-12-15 09:00:00,Tank_C,8.228495126633602,1.9813203070922207,24.351215209476827,Moderate
2024-12-15 10:00:00,Tank_A,7.48250152636094,3.4159059988241918,33.01393016199434,Good
2024-12-15 11:00:00,Tank_C,7.927204165028182,1.041008609459505,16.757096709453656,Good
2024-12-15 12:00:00,Tank_A,8.458776145009486,0.4387629305250407,24.92081694510147,Good
2024-12-15 13:00:00,Tank_B,6.625315265478639,3.4119567207074115,15.995704548711887,Good
2024-12-15 14:00:00,Tank_C,7.491184279342667,4.748335731454762,32.57332646566591,Good
2024-12-15 15:00:00,Tank_A,8.217430130954163,1.9740609230968331,15.86435530190389,Good
2024-12-15 16:00:00,Tank_C,7.502235117722637,3.321404425461314,31.44001267830696,Moderate
2024-12-15 17:00:00,Tank_A,7.466484686376361,3.3160979096333247,24.43554100051961,Good
2024-12-15 18:00:00,Tank_A,8.310109943757997,0.6990007037996632,15.195734267596663,Good
2024-12-15 19:00:00,Tank_C,8.077135821434611,4.489036374115286,20.172552153482535,Good
2024-12-15 20:00:00,Tank_A,7.652475038387963,3.2723223238126247,19.980265754185478,Good
2024-12-15 21:00:00,Tank_C,6.602663753282246,2.378888514196713,33.76908287033439,Good
2024-12-15 22:00:00,Tank_B,8.419136192918954,3.4425780385482434,30.97792943074783,Good
2024-12-15 23:00:00,Tank_C,7.5243473157458585,2.794917684664709,21.34446999712151,Good
2024-12-16 00:00:00,Tank_B,8.099703264163606,2.3584698370159622,24.398004748184476,Moderate
2024-12-16 01:00:00,Tank_C,6.869007180895553,2.326830166952292,26.64709089839203,Good
2024-12-16 02:00:00,Tank_C,7.705990283744358,4.485635363056357,24.348626530939406,Good
2024-12-16 03:00:00,Tank_B,7.7347180819471815,3.65294507361906,31.80837506454344,Good
2024-12-16 04:00:00,Tank_A,7.0621430514790475,0.8378917322948981,23.2325097160453,Good
2024-12-16 05:00:00,Tank_C,8.498915671658102,2.936761608736393,27.300825204921168,Good
2024-12-16 06:00:00,Tank_C,8.47713406290569,2.4999060773733355,25.098021716207718,Moderate
2024-12-16 07:00:00,Tank_C,8.420992906670552,4.624420564608071,29.554589508033338,Good
2024-12-16 08:00:00,Tank_C,8.093839160611456,1.7470034982940252,24.562930356175034,Good
2024-12-16 09:00:00,Tank_A,6.960516896523483,1.6046467066760388,15.348525526519122,Good
2024-12-16 10:00:00,Tank_C,7.664652091236824,4.8287635226045005,31.257570158280785,Good
2024-12-16 11:00:00,Tank_C,7.337557110925425,4.014325010369414,20.082377741193724,Good
2024-12-16 12:00:00,Tank_B,7.036124031752314,0.4891372385403586,15.194295346166282,Good
2024-12-16 13:00:00,Tank_B,8.100487207413536,4.715180924056473,23.43807636953651,Good
2024-12-16 14:00:00,Tank_B,6.774900427679078,4.602155584961084,23.59461974273438,Good
2024-12-16 15:00:00,Tank_A,7.125273976340627,4.505429015706717,33.90784763923819,Good
2024-12-16 16:00:00,Tank_A,7.008065459047606,3.23783377053003,30.32417533309396,Good
2024-12-16 17:00:00,Tank_C,7.037340232512457,2.8105039760558004,17.226891465966926,Good
2024-12-16 18:00:00,Tank_B,7.41812613286349,0.9949265002880642,19.323374694176056,Good
2024-12-16 19:00:00,Tank_A,8.477671226287038,2.3714980032563986,17.29948616037879,Good
2024-12-16 20:00:00,Tank_C,6.694547758128221,3.545475200632178,15.75673410370886,Good
2024-12-16 21:00:00,Tank_C,7.008235906499252,4.936725069919236,17.050018423914032,Good
2024-12-16 22:00:00,Tank_C,7.196699553777843,4.832508086895811,19.541136649246862,Good
2024-12-16 23:00:00,Tank_C,8.05472035269533,3.826442151495006,30.488993477928553,Good
2024-12-17 00:00:00,Tank_A,7.117332338345115,3.5948532957400774,27.20389108647118,Good
2024-12-17 01:00:00,Tank_C,7.819762749681461,3.766600359693413,28.215838216428594,Good
2024-12-17 02:00:00,Tank_C,7.682112734142937,2.9949667443588086,28.598076105555393,Good
2024-12-17 03:00:00,Tank_B,8.146552918133608,2.824426712855332,22.698522145796513,Good
2024-12-17 04:00:00,Tank_B,8.028438995342933,1.7706621143418229,32.822295365122564,Good
2024-12-17 05:00:00,Tank_B,6.6147432259264995,3.443335542329552,19.638588091591128,Poor
2024-12-17 06:00:00,Tank_C,7.645447578730362,4.387357574766744,28.871213788436236,Good
2024-12-17 07:00:00,Tank_C,8.152909363447243,4.185147493621059,15.539645960650102,Good
2024-12-17 08:00:00,Tank_B,7.0603670924455315,0.7830333187658689,25.409805148665257,Good
2024-12-17 09:00:00,Tank_A,6.852512916229123,2.054101695943809,31.641043142538038,Poor
2024-12-17 10:00:00,Tank_C,6.752252480063619,4.4288290788183815,29.094408577591068,Good
2024-12-17 11:00:00,Tank_A,8.086891215329912,4.97940704810118,27.285646045902617,Good
2024-12-17 12:00:00,Tank_B,8.140284029644913,4.682904645157508,27.031743840241845,Good
2024-12-17 13:00:00,Tank_A,7.509137172766204,0.8624531717509676,19.97197012486631,Good
2024-12-17 14:00:00,Tank_A,7.73276292285071,3.9366364044859887,16.507390958787482,Good
2024-12-17 15:00:00,Tank_A,7.96667211791692,4.384122569457562,21.720125488136297,Poor
2024-12-17 16:00:00,Tank_A,6.615449032771917,1.6582899167378944,22.024764820413438,Good
2024-12-17 17:00:00,Tank_A,7.979627739661391,0.11329792202188382,16.06633393547028,Good
2024-12-17 18:00:00,Tank_B,7.675213841528513,1.7855603300096452,17.46857748008986,Good
2024-12-17 19:00:00,Tank_A,7.88807959828089,2.191207167121576,28.788402653264953,Good
2024-12-17 20:00:00,Tank_C,6.733444892073233,2.6148123252416107,29.231495093120177,Good
2024-12-17 21:00:00,Tank_B,7.567453749471012,1.1935004650626997,15.952045517148525,Good
2024-12-17 22:00:00,Tank_B,6.642530381749281,4.098563811666132,17.46016187197614,Poor
2024-12-17 23:00:00,Tank_B,6.5898117347805325,1.6146539892807965,17.532980843311954,Moderate
2024-12-18 00:00:00,Tank_C,6.953177578510271,1.3410428126292218,29.965113819862307,Good
2024-12-18 01:00:00,Tank_A,6.9466239178266775,1.5516321048608928,21.269559616811335,Good
2024-12-18 02:00:00,Tank_C,8.059739514788511,0.47570255747993284,32.18245325808982,Good
2024-12-18 03:00:00,Tank_C,7.618142715001867,3.0886530640430165,31.95634298712418,Moderate
2024-12-18 04:00:00,Tank_C,6.553057898792426,1.297217455499392,22.477249715914432,Good
2024-12-18 05:00:00,Tank_B,7.013636507078466,4.289039669147911,15.007363508933375,Good
2024-12-18 06:00:00,Tank_B,8.104148837148255,2.8503235869784898,31.58852838792033,Good
2024-12-18 07:00:00,Tank_B,7.782114249692796,4.261833635143781,24.643229351476254,Poor
2024-12-18 08:00:00,Tank_B,6.7714769202006515,2.3181651556827356,28.112380737888643,Good
2024-12-18 09:00:00,Tank_C,7.764030544754168,3.1612897944971348,16.198168044887467,Good
2024-12-18 10:00:00,Tank_C,7.6013961145373665,1.9309757028353025,28.790204992288345,Moderate
2024-12-18 11:00:00,Tank_B,7.007674218624954,4.720223280987116,24.30904408608029,Good
2024-12-18 12:00:00,Tank_C,7.044841263220625,1.9390252976234224,18.744119567599352,Good
2024-12-18 13:00:00,Tank_C,7.0860223573975185,1.5702771274346512,28.6871881903681,Good
2024-12-18 14:00:00,Tank_B,7.44400873461128,0.2611775818649398,25.850678041170458,Good
2024-12-18 15:00:00,Tank_C,7.407134257693708,4.183592555878018,27.94768311893005,Good
2024-12-18 16:00:00,Tank_C,6.888817365078933,1.8309485098845257,21.83588696508283,Moderate
2024-12-18 17:00:00,Tank_C,7.970955918911173,2.144562241243468,31.501246043250113,Good
2024-12-18 18:00:00,Tank_B,8.035992738232848,2.380141112110439,32.568131904859015,Good
2024-12-18 19:00:00,Tank_C,8.496771265561184,2.7990132824169773,17.13713943917898,Good
2024-12-18 20:00:00,Tank_B,8.157617888130149,0.42082372868565754,15.810795321165847,Good
2024-12-18 21:00:00,Tank_C,8.379512606818565,1.452488578383725,32.22108430748986,Good
2024-12-18 22:00:00,Tank_B,7.291408668580051,1.7942988140681533,22.86224548791737,Good
2024-12-18 23:00:00,Tank_B,7.59806386830884,4.875923277753021,31.416684590608273,Good
2024-12-19 00:00:00,Tank_B,7.203040003010908,2.8097374809939764,32.52198259187796,Good
2024-12-19 01:00:00,Tank_A,7.812147391491221,2.0326913823750843,23.596181395431223,Good
2024-12-19 02:00:00,Tank_A,6.51549709911194,2.7709032201904633,31.62091086104428,Good
2024-12-19 03:00:00,Tank_C,6.683743991468045,1.2913315264451786,17.079149425024674,Good
2024-12-19 04:00:00,Tank_B,7.62571477225716,0.7578484047193601,28.68633280657125,Good
2024-12-19 05:00:00,Tank_B,7.604821987052073,3.8262271484073382,15.761756729112701,Moderate
2024-12-19 06:00:00,Tank_B,8.165606908929071,2.1091183385039676,27.10072258215942,Poor
2024-12-19 07:00:00,Tank_B,6.5829268618119485,2.457333067646463,32.72225813312391,Poor
2024-12-19 08:00:00,Tank_B,7.962286748685972,0.5377971131262044,21.231637743579412,Good
2024-12-19 09:00:00,Tank_B,8.280628198454822,4.494275722875382,27.604899088266272,Good
2024-12-19 10:00:00,Tank_B,7.009202920857989,3.671344793625708,28.461180224127958,Moderate
2024-12-19 11:00:00,Tank_C,7.53078012955072,0.6563108997584399,20.932555650873695,Moderate
2024-12-19 12:00:00,Tank_B,7.225340639798075,0.7466475450638538,31.171918677944607,Good
2024-12-19 13:00:00,Tank_C,7.179197115021118,1.8689803566897552,18.23997195791381,Moderate
2024-12-19 14:00:00,Tank_A,8.401841543695802,2.5696979892572243,20.194770610112293,Moderate
2024-12-19 15:00:00,Tank_C,6.928192203749072,2.859272163073958,20.41201969343401,Moderate
2024-12-19 16:00:00,Tank_B,7.687577530604047,1.86196167567107,16.78594158295972,Good
2024-12-19 17:00:00,Tank_B,6.7075135706658,1.8530562861296391,19.937829083082278,Good
2024-12-19 18:00:00,Tank_C,8.274077058641415,3.512519260479843,17.07344099516982,Good
2024-12-19 19:00:00,Tank_A,6.861756138696642,0.23394259493208447,34.700568407287854,Good
2024-12-19 20:00:00,Tank_B,8.432250614029872,1.1747366901359264,29.707450417360683,Good
2024-12-19 21:00:00,Tank_A,6.551430731434166,1.2706372795677074,17.051363177440148,Moderate
2024-12-19 22:00:00,Tank_C,6.74843100780336,2.591237616750778,23.644915174495686,Good
2024-12-19 23:00:00,Tank_A,7.917146653448675,0.7443035126798614,19.37299099554491,Good
2024-12-20 00:00:00,Tank_C,6.763395552278107,1.7804259123714057,20.239604851092444,Good
2024-12-20 01:00:00,Tank_A,7.547053595328979,0.048442273525581836,23.024006571754754,Good
2024-12-20 02:00:00,Tank_C,7.582639456654768,0.2305836128508676,16.97871744875026,Good
2024-12-20 03:00:00,Tank_C,6.893902376481957,0.27513775667725227,16.630408264479982,Moderate
2024-12-20 04:00:00,Tank_B,7.9043589966417835,2.5276353696970224,19.310122681444874,Moderate
2024-12-20 05:00:00,Tank_C,6.868968247315569,0.36125686316255234,29.346753336874436,Good
2024-12-20 06:00:00,Tank_B,7.209360701652582,3.025543993187983,18.07047293462008,Good
2024-12-20 07:00:00,Tank_C,8.065112139190093,4.446921276318422,21.93335440002773,Good
2024-12-20 08:00:00,Tank_A,7.412239331091188,3.9812480878021343,21.49797524726946,Moderate
2024-12-20 09:00:00,Tank_A,6.854955510658798,0.8733435369224296,23.798521478481135,Good
2024-12-20 10:00:00,Tank_B,7.863009047672717,0.5129830527030027,26.43524689797576,Moderate
2024-12-20 11:00:00,Tank_B,7.929224593152465,1.8303546908575248,18.651399625644245,Good
2024-12-20 12:00:00,Tank_A,8.208262835968318,1.219060343769585,27.7394814978386,Good
2024-12-20 13:00:00,Tank_B,7.003607186255754,1.2385715400156327,15.99115887206918,Moderate
2024-12-20 14:00:00,Tank_B,7.191308078969827,1.6982164581161097,21.357259499102064,Moderate
2024-12-20 15:00:00,Tank_A,6.510808292782012,4.183313023356789,23.637505594688193,Good
2024-12-20 16:00:00,Tank_C,6.588171445554937,4.07339599671905,22.422490614247877,Good
2024-12-20 17:00:00,Tank_B,8.03200209963066,4.943142267751163,29.317348030976106,Poor
2024-12-20 18:00:00,Tank_C,6.53269575532378,4.33725744924297,23.605480772732932,Good
2024-12-20 19:00:00,Tank_A,8.035286005255053,0.602773296580198,15.18834441740477,Good
2024-12-20 20:00:00,Tank_C,8.076224539090022,4.699442070789582,25.615487795865405,Moderate
2024-12-20 21:00:00,Tank_C,6.73277840623454,1.057911619787117,31.07960430439254,Good
2024-12-20 22:00:00,Tank_B,7.8262430638584775,3.0905969166757585,23.26906706762867,Good
2024-12-20 23:00:00,Tank_B,6.77139597873232,2.164182756932969,24.038563429241517,Good
2024-12-21 00:00:00,Tank_A,7.377679024178041,3.060486361181114,19.570053533735404,Good
2024-12-21 01:00:00,Tank_A,7.2405322495613875,0.5738525859603893,33.896546606786,Moderate
2024-12-21 02:00:00,Tank_B,8.472592353840103,3.988140618092861,29.35115802001885,Good
2024-12-21 03:00:00,Tank_A,6.785740424770523,3.9580550183835115,23.22292075269701,Poor
2024-12-21 04:00:00,Tank_A,6.834983155733045,3.898283012523085,16.76249615952485,Moderate
2024-12-21 05:00:00,Tank_C,8.334455642588967,3.474668535088581,25.610639411859694,Good
2024-12-21 06:00:00,Tank_C,6.88647129206646,3.6147602314364464,33.33375546363406,Moderate
2024-12-21 07:00:00,Tank_A,7.486406323535203,1.3446235327833556,24.28453283282539,Good
2024-12-21 08:00:00,Tank_A,7.944669860342978,4.398949546637112,29.290760650118326,Good
2024-12-21 09:00:00,Tank_A,7.305097128935067,4.081325142598202,30.332218933166505,Poor
2024-12-21 10:00:00,Tank_C,6.718203302864782,1.1034694799466056,24.14106866564966,Good
2024-12-21 11:00:00,Tank_C,7.0634446834821984,4.928775146178309,25.275793512828397,Good
2024-12-21 12:00:00,Tank_A,8.040809966575774,0.21221918700365938,20.597987350198242,Good
2024-12-21 13:00:00,Tank_C,7.414496583067598,4.226477190012568,15.483920999763754,Good
2024-12-21 14:00:00,Tank_A,6.766805539173493,1.9652868974945636,34.86442916027626,Good
2024-12-21 15:00:00,Tank_B,7.537845048426487,1.7190908770407192,28.532691207615162,Good
2024-12-21 16:00:00,Tank_A,6.6868330147082915,0.29524925650861067,28.08616089072204,Good
2024-12-21 17:00:00,Tank_C,7.534072187257796,4.674706238888506,23.056075405950686,Good
2024-12-21 18:00:00,Tank_B,8.31919065376482,3.048509652565391,19.527376379422552,Good
2024-12-21 19:00:00,Tank_A,7.825992400259066,3.4602372673023507,21.866105760882178,Good
2024-12-21 20:00:00,Tank_A,8.305049161101108,0.6727581773595132,16.027684775867396,Good
2024-12-21 21:00:00,Tank_C,7.568713254490753,3.5910314643633785,29.041464103864133,Good
2024-12-21 22:00:00,Tank_A,7.122817942593051,0.02984758275743571,30.672284641056645,Good
2024-12-21 23:00:00,Tank_C,7.605722329556206,3.98855948018922,23.03527969000721,Moderate
2024-12-22 00:00:00,Tank_B,7.232269804374794,1.8320554190949645,20.954471760756924,Good
2024-12-22 01:00:00,Tank_B,7.2776746463639865,1.831250199397119,27.26772896650817,Good
2024-12-22 02:00:00,Tank_C,8.4769222768328,4.253992210940539,15.244548178767811,Good
2024-12-22 03:00:00,Tank_C,8.247613010732612,3.673091105602477,24.76233493568907,Good
2024-12-22 04:00:00,Tank_B,7.917438362891803,2.1180650039922826,31.377324660524312,Moderate
2024-12-22 05:00:00,Tank_B,6.953901850820433,4.534514578119312,20.217818911629102,Moderate
2024-12-22 06:00:00,Tank_B,8.1235587818961,4.735184097079331,30.618236696990216,Poor
2024-12-22 07:00:00,Tank_A,8.412883426708529,4.31383575785717,29.05676839574581,Good
2024-12-22 08:00:00,Tank_B,6.670601586858837,4.98714476048542,33.70172354065123,Good
2024-12-22 09:00:00,Tank_B,7.006200492820789,3.3461449188399723,21.683549603556607,Moderate
2024-12-22 10:00:00,Tank_B,8.031545264206958,2.2558484636873506,33.59474171719032,Good
2024-12-22 11:00:00,Tank_A,6.590117616880823,2.6606586377812413,19.65358813245274,Poor
2024-12-22 12:00:00,Tank_B,6.56671020693514,4.537541124630701,23.13608574679487,Moderate
2024-12-22 13:00:00,Tank_B,7.2959367414546685,3.4981580280187097,20.27489521371959,Poor
2024-12-22 14:00:00,Tank_B,7.633626184635507,4.118116383763764,15.878026656968538,Good
2024-12-22 15:00:00,Tank_C,7.341365550846111,1.6336504562244496,33.09636197604128,Good
2024-12-22 16:00:00,Tank_A,7.205749679896646,0.33084768244716956,20.943914115523707,Good
2024-12-22 17:00:00,Tank_B,6.813075125833707,4.93856642229769,31.738873578444114,Good
2024-12-22 18:00:00,Tank_C,7.758865540929258,1.7926898350109033,26.056419992457876,Moderate
2024-12-22 19:00:00,Tank_C,6.638808997276705,3.240538231156045,18.8874523246765,Moderate
2024-12-22 20:00:00,Tank_B,7.987045647186065,3.8152800339570065,27.05480820519456,Good
2024-12-22 21:00:00,Tank_B,7.628470348634278,0.5959653754812183,27.578375698165637,Good
2024-12-22 22:00:00,Tank_B,7.225118656580824,3.6519203824946262,20.535423912466236,Poor
2024-12-22 23:00:00,Tank_B,7.811735037841908,1.0475073255885914,18.486204803430123,Moderate
2024-12-23 00:00:00,Tank_A,6.979611484517577,2.367180466475553,15.312690580125956,Good
2024-12-23 01:00:00,Tank_A,7.883569409985538,1.985488530605355,25.416729736232995,Poor
2024-12-23 02:00:00,Tank_B,7.677322467286622,4.575741293334415,20.82010165934917,Poor
2024-12-23 03:00:00,Tank_C,7.491421711605124,1.9920033016799021,20.462991897951333,Moderate
2024-12-23 04:00:00,Tank_C,7.22629114298562,0.26595958514777474,20.500209296639685,Good
2024-12-23 05:00:00,Tank_A,6.908919762877892,3.4251627635408317,28.781412071298675,Moderate
2024-12-23 06:00:00,Tank_B,8.48391490462545,3.7946746608070017,24.07505182459783,Good
2024-12-23 07:00:00,Tank_A,7.5703372015457955,4.360827444870827,31.553302202525455,Good
2024-12-23 08:00:00,Tank_B,7.047266774799283,1.9837164851443123,28.540112492972053,Good
2024-12-23 09:00:00,Tank_C,8.330048336462378,1.229003904821599,26.360065905461536,Moderate
2024-12-23 10:00:00,Tank_B,7.150646760005263,3.6458777183806297,32.169694162774086,Moderate
2024-12-23 11:00:00,Tank_A,6.801720614006287,4.3622074762127925,30.1869616568639,Poor
2024-12-23 12:00:00,Tank_A,7.72193655696913,0.8304170446178777,30.37979847081517,Good
2024-12-23 13:00:00,Tank_C,7.9461879956205745,2.647692940752966,15.217067180873476,Moderate
2024-12-23 14:00:00,Tank_A,7.700626698075923,2.415026394771581,30.62417059367408,Poor
2024-12-23 15:00:00,Tank_A,8.345799298824247,0.6072554850774975,15.127556322137423,Good
2024-12-23 16:00:00,Tank_B,6.812780627350232,4.926236648189914,28.146352483109233,Good
2024-12-23 17:00:00,Tank_A,6.606241287497626,1.8612073204945534,21.959445737787032,Poor
2024-12-23 18:00:00,Tank_B,6.60840675558063,1.3151023820935586,29.167795252310817,Good
2024-12-23 19:00:00,Tank_C,7.974602756751306,4.080303037530275,28.919879369651724,Poor
2024-12-23 20:00:00,Tank_C,8.008395481775274,1.9716779951975882,29.42389050376441,Good
2024-12-23 21:00:00,Tank_A,7.777440601316411,3.8066378464211232,20.21501754043149,Good
2024-12-23 22:00:00,Tank_A,6.504858917232878,1.0134226779170423,26.381517377052283,Good
2024-12-23 23:00:00,Tank_B,6.743316679880594,4.406585108811856,31.55850776237205,Good
2024-12-24 00:00:00,Tank_A,7.79247803222386,4.762564634127664,26.554072567240148,Good
2024-12-24 01:00:00,Tank_C,7.205424974161247,3.9289557333870495,18.541350733508615,Good
2024-12-24 02:00:00,Tank_C,6.95590077072666,2.7754447869562564,34.49715440292543,Good
2024-12-24 03:00:00,Tank_A,7.310078463251888,0.08293726719218242,20.81630992846943,Good
2024-12-24 04:00:00,Tank_C,7.167851184516242,1.759161446906306,19.44184533554146,Good
2024-12-24 05:00:00,Tank_A,6.600782004207321,4.494261026226419,28.66967466028019,Good
2024-12-24 06:00:00,Tank_A,7.907614795383825,0.46465901343294647,32.871031631765,Good
2024-12-24 07:00:00,Tank_C,6.701959427827863,4.997166309749719,19.58224750723243,Good
2024-12-24 08:00:00,Tank_C,7.073864429517838,0.011585905280591668,18.301089409870034,Good
2024-12-24 09:00:00,Tank_A,7.043365817300867,4.278965466129513,20.01555186024384,Good
2024-12-24 10:00:00,Tank_C,6.501097141347405,3.830565774292614,20.379990482592625,Moderate
2024-12-24 11:00:00,Tank_A,6.529099235861931,3.1396883464471124,20.963757430314462,Poor
2024-12-24 12:00:00,Tank_C,6.77760443069128,1.5770999556707928,24.428016990967137,Good
2024-12-24 13:00:00,Tank_C,8.209445962218753,4.297414438476998,19.38763034944443,Moderate
2024-12-24 14:00:00,Tank_C,6.754389777511473,1.3435565950414896,26.874078010783347,Good
2024-12-24 15:00:00,Tank_B,6.645197385628772,3.871635637168016,30.532887601476038,Good
2024-12-24 16:00:00,Tank_C,7.847959274707779,4.449806446070131,20.187902223550555,Good
2024-12-24 17:00:00,Tank_B,7.930386035089226,1.5108925964616327,34.47979363433823,Moderate
2024-12-24 18:00:00,Tank_A,7.655923437822534,3.8331766900180253,25.629025886593837,Good
2024-12-24 19:00:00,Tank_C,7.251914949449632,4.569157355191774,34.88853477152235,Good
2024-12-24 20:00:00,Tank_B,7.141634995081684,1.4566125348045516,19.58661950444113,Poor
2024-12-24 21:00:00,Tank_C,7.271171669431204,2.668208218202353,25.120083245703135,Good
2024-12-24 22:00:00,Tank_A,7.053426977736342,1.1264055429219122,25.745034108908435,Good
2024-12-24 23:00:00,Tank_A,8.331038226317853,1.3039557725628714,21.181793875344656,Moderate
2024-12-25 00:00:00,Tank_C,7.83616991196836,1.901119081299315,29.25763249765676,Good
2024-12-25 01:00:00,Tank_B,8.220763795640954,2.8516935686724656,28.237548427413266,Good
2024-12-25 02:00:00,Tank_C,6.566872615420866,1.313585513974258,21.934762378989966,Good
2024-12-25 03:00:00,Tank_A,8.232146222580889,3.3919036884059968,29.129582383997807,Good
2024-12-25 04:00:00,Tank_A,7.928532053184489,0.08029854258905234,16.176257520072042,Moderate
2024-12-25 05:00:00,Tank_A,6.692361842496615,1.536972254614553,27.411300004082598,Poor
2024-12-25 06:00:00,Tank_A,7.831214385370833,3.6827067420365998,32.54487987233665,Moderate
2024-12-25 07:00:00,Tank_B,8.23367218144758,4.372603988516951,29.232578209673335,Moderate
2024-12-25 08:00:00,Tank_B,7.759043961549643,0.04884271061063428,31.551809425847367,Moderate
2024-12-25 09:00:00,Tank_B,7.971014791411095,1.051333642756012,33.460678213482424,Moderate
2024-12-25 10:00:00,Tank_C,8.324136699587513,3.724082837069884,27.87985278639823,Good
2024-12-25 11:00:00,Tank_B,8.031169671630586,0.47044225148816676,21.712825419005785,Good
2024-12-25 12:00:00,Tank_A,8.25863938352632,0.762417616924797,28.35095483500786,Good
2024-12-25 13:00:00,Tank_B,7.560699573225079,2.699653543755924,23.745376121911267,Good
2024-12-25 14:00:00,Tank_A,7.179169099286265,2.1888683624028618,28.029227200867254,Moderate
2024-12-25 15:00:00,Tank_A,6.821239730138444,4.753510573210188,30.48172527483969,Good
2024-12-25 16:00:00,Tank_A,7.959788983716925,3.4721730947144187,26.69629150852798,Good
2024-12-25 17:00:00,Tank_A,6.596103331731179,2.7131964328378357,30.585669139835083,Good
2024-12-25 18:00:00,Tank_A,7.453620688783214,0.6594006359807875,33.76326752528832,Good
2024-12-25 19:00:00,Tank_C,6.721080535554857,2.4161627290825143,30.544905519548344,Poor
2024-12-25 20:00:00,Tank_B,7.3470695282706675,0.3431444629712366,30.17752543163206,Good
2024-12-25 21:00:00,Tank_C,7.984705541641318,4.516855384598778,24.35978143757448,Good
2024-12-25 22:00:00,Tank_A,6.5949331496646355,2.0495119498621444,25.345434890742087,Moderate
2024-12-25 23:00:00,Tank_C,8.380810736737232,3.8643081309817355,31.13696551987593,Poor
2024-12-26 00:00:00,Tank_B,7.428562881359511,4.468837470073842,33.906531715529226,Moderate
2024-12-26 01:00:00,Tank_A,8.23664033300673,3.0683796787092934,15.687585523708485,Poor
2024-12-26 02:00:00,Tank_B,7.669259342723435,0.19225529476450287,21.308420153836416,Moderate
2024-12-26 03:00:00,Tank_B,8.275688638316577,1.3375608755782937,22.890598048011995,Good
2024-12-26 04:00:00,Tank_C,8.166639572107563,1.6194986077807871,19.094135941497917,Moderate
2024-12-26 05:00:00,Tank_C,7.580465254472605,4.749790914998372,25.517837477004655,Good
2024-12-26 06:00:00,Tank_C,7.764716869674574,0.6860690152981941,26.48980336487379,Good
2024-12-26 07:00:00,Tank_B,7.8811028067380215,4.750946778228549,16.511553050485194,Moderate
2024-12-26 08:00:00,Tank_A,8.465984436599193,2.1900679111082937,33.94043980536472,Good
2024-12-26 09:00:00,Tank_C,7.3740225257580825,0.09656687083006099,17.1315083165352,Moderate
2024-12-26 10:00:00,Tank_A,6.985727644389925,3.0014003562981535,34.583466634164765,Good
2024-12-26 11:00:00,Tank_C,7.213718776386272,2.860486399630383,16.03483458450027,Good
2024-12-26 12:00:00,Tank_A,8.000500673739841,4.714519521864526,23.63201471955054,Good
2024-12-26 13:00:00,Tank_A,6.966722695553673,3.41341070318737,28.976844644819444,Good
2024-12-26 14:00:00,Tank_B,8.423341293049301,3.52339256222046,15.952836303479911,Good
2024-12-26 15:00:00,Tank_B,8.4488219455419,0.6452194660180577,21.926241287971006,Good
2024-12-26 16:00:00,Tank_B,7.122973186182413,3.7746472726012357,24.02684968214416,Poor
2024-12-26 17:00:00,Tank_C,8.361744367856415,1.1320039731518121,17.319764356949147,Good
2024-12-26 18:00:00,Tank_B,6.532086341235341,1.7998445768637512,23.95796656416648,Good
2024-12-26 19:00:00,Tank_B,8.305215664617124,1.7815996160786318,20.95442096231134,Good
2024-12-26 20:00:00,Tank_B,7.144026593362351,0.6798792180334939,21.361782896502497,Moderate
2024-12-26 21:00:00,Tank_A,7.309909695029702,3.478055934835191,32.28498354155505,Good
2024-12-26 22:00:00,Tank_C,6.519301394774823,1.2725693137884968,27.31071458948893,Good
2024-12-26 23:00:00,Tank_C,7.956633263578566,4.1743375337449145,24.39504751480738,Good
2024-12-27 00:00:00,Tank_A,7.968768479969933,0.32842669313196515,23.480880223800717,Moderate
2024-12-27 01:00:00,Tank_C,7.872242777528454,0.010486684949529979,17.86385967024108,Poor
2024-12-27 02:00:00,Tank_B,8.116004105412655,1.943986019477344,24.91234560370941,Good
2024-12-27 03:00:00,Tank_A,7.292386860007735,0.7843776381807077,27.014576056082408,Good
2024-12-27 04:00:00,Tank_B,6.784019898183855,2.535891192259844,18.25503582977161,Good
2024-12-27 05:00:00,Tank_A,6.996670533122211,2.2424853861388616,30.929940445843698,Good
2024-12-27 06:00:00,Tank_A,7.337635321870266,4.345384828990332,19.016521845807038,Good
2024-12-27 07:00:00,Tank_B,6.8174698234381035,4.846864457359823,18.940966538406833,Good
2024-12-27 08:00:00,Tank_B,8.156133428531799,1.7444079213351305,17.58495241436198,Good
2024-12-27 09:00:00,Tank_B,7.4659496310063105,4.912374566314216,19.190512834047563,Good
2024-12-27 10:00:00,Tank_A,7.119235679340155,4.636534720479127,32.72035592571521,Poor
2024-12-27 11:00:00,Tank_B,7.923546522573369,3.711601475543289,15.010598016803694,Good
2024-12-27 12:00:00,Tank_B,7.149301615499567,3.541155666151892,26.157488905082612,Good
2024-12-27 13:00:00,Tank_C,7.406184226814627,0.0879253163367183,25.798730417319014,Moderate
2024-12-27 14:00:00,Tank_A,7.521200041850789,0.16310715992485902,33.62295664574654,Good
2024-12-27 15:00:00,Tank_B,6.7437302449967245,1.8183508078663246,23.52604723899874,Good
2024-12-27 16:00:00,Tank_B,7.62856168613862,1.6291181397427745,23.79260303899528,Moderate
2024-12-27 17:00:00,Tank_A,7.898930924250423,2.5623597354583474,26.633478905539615,Good
2024-12-27 18:00:00,Tank_B,8.430799376249858,2.5328676432978003,18.60923890194573,Good
2024-12-27 19:00:00,Tank_C,6.658354927025255,1.4399926165570942,31.669210221218165,Good
2024-12-27 20:00:00,Tank_C,6.616043988796054,4.310723158641162,17.987496555439918,Good
2024-12-27 21:00:00,Tank_C,6.9361225614393,0.12496772356982322,21.10972936709523,Good
2024-12-27 22:00:00,Tank_B,7.165429052486597,4.489021905361005,27.57014287881989,Poor
2024-12-27 23:00:00,Tank_B,6.984139959969016,4.217134540635837,30.694613795653225,Good
2024-12-28 00:00:00,Tank_B,7.64857619466014,0.815850253912469,32.851548470481106,Good
2024-12-28 01:00:00,Tank_A,7.7745632037186665,4.09558747383916,29.88484728498573,Moderate
2024-12-28 02:00:00,Tank_A,6.812306648527397,0.5389367270158346,22.284042719813847,Moderate
2024-12-28 03:00:00,Tank_C,7.687678577426798,0.6346555222768235,34.13472414672299,Moderate
2024-12-28 04:00:00,Tank_A,6.8422659025143675,1.053420321236736,15.922105923398108,Moderate
2024-12-28 05:00:00,Tank_A,8.174735459352888,4.09143990145949,20.494802577468555,Moderate
2024-12-28 06:00:00,Tank_B,7.9950055561926865,0.9096451926151328,22.115704795288963,Moderate
2024-12-28 07:00:00,Tank_C,6.739583858149521,1.9955276804048794,31.65195106618811,Good
2024-12-28 08:00:00,Tank_A,8.164782956813282,4.997469468833813,34.27680846549091,Good
2024-12-28 09:00:00,Tank_C,7.400503666364781,1.2468795493169833,26.320046693902462,Good
2024-12-28 10:00:00,Tank_B,7.841125567843742,1.7841617347225402,26.708676895992696,Good
2024-12-28 11:00:00,Tank_B,7.483972068664642,0.031384510574287705,28.796611559489826,Good
2024-12-28 12:00:00,Tank_B,6.851509098693924,2.9185580808022396,33.11942173846727,Good
2024-12-28 13:00:00,Tank_A,7.80455682220485,2.9834254068512367,17.550686099671065,Good
2024-12-28 14:00:00,Tank_A,7.171621160808785,4.641197646664349,23.81482149610008,Good
2024-12-28 15:00:00,Tank_A,6.714075403251182,3.116551370503919,23.73760755990728,Moderate
2024-12-28 16:00:00,Tank_A,8.030541044583895,3.2963892329005033,15.73836486234862,Good
2024-12-28 17:00:00,Tank_C,7.79913789121672,4.757110417651575,34.6682187334033,Moderate
2024-12-28 18:00:00,Tank_A,6.807018066368416,2.774107881672509,17.328531651977617,Moderate
2024-12-28 19:00:00,Tank_B,7.671162155979474,3.9886052339949147,22.268856500461236,Poor
2024-12-28 20:00:00,Tank_B,8.118267796122302,0.858274147204201,31.443717297952215,Moderate
2024-12-28 21:00:00,Tank_B,8.479272306003578,0.7777206421169253,29.819593464461153,Good
2024-12-28 22:00:00,Tank_B,6.8727910472485645,1.0828091813782796,26.216832090350227,Good
2024-12-28 23:00:00,Tank_C,8.227004265718225,0.6756228920344987,32.75443798638896,Good
2024-12-29 00:00:00,Tank_C,7.948685922847684,1.7927960595082464,22.31012703972667,Good
2024-12-29 01:00:00,Tank_C,7.144652189495911,4.202124597275309,29.563306515800683,Good
2024-12-29 02:00:00,Tank_C,6.802911397426117,0.442264462900569,25.543864376293783,Good
2024-12-29 03:00:00,Tank_C,7.606317059209965,1.5684421992443909,33.44648909290375,Good
2024-12-29 04:00:00,Tank_B,7.51113127211609,0.4182309529292233,21.58736614872576,Moderate
2024-12-29 05:00:00,Tank_B,7.223876790859186,2.274564180694653,29.788667887617233,Good
2024-12-29 06:00:00,Tank_B,8.248345708845825,2.5882402050093196,17.975782138106226,Good
2024-12-29 07:00:00,Tank_B,7.931977513408008,2.4815444552523624,19.257529961499863,Moderate
2024-12-29 08:00:00,Tank_A,7.0519363888116615,2.972594628975231,21.761560625823897,Moderate
2024-12-29 09:00:00,Tank_C,7.728367729984772,0.7875793757856431,34.65723898482376,Good
2024-12-29 10:00:00,Tank_B,8.278717047490433,0.31340724836078193,16.480852754011977,Good
2024-12-29 11:00:00,Tank_C,7.2683701317046685,1.448408376798338,32.73802393412647,Good
2024-12-29 12:00:00,Tank_C,7.071426936662138,4.531566652306158,17.670391665872646,Good
2024-12-29 13:00:00,Tank_A,7.535030119152085,1.0130197541497665,20.88682087357253,Good
2024-12-29 14:00:00,Tank_C,7.1170657337271335,1.4120867422437362,24.053378427579123,Good
2024-12-29 15:00:00,Tank_A,6.974600728236335,1.238864067041554,34.38082908682351,Moderate
2024-12-29 16:00:00,Tank_B,7.214100023113593,4.054133956993023,16.09004990780035,Good
2024-12-29 17:00:00,Tank_A,6.703137288890577,1.5078187138230241,15.766783972610924,Good
2024-12-29 18:00:00,Tank_A,7.792222193921228,1.2060201317190993,26.72991542524919,Good
2024-12-29 19:00:00,Tank_C,6.988535034177172,1.0103526327529366,32.57865865512766,Good
2024-12-29 20:00:00,Tank_B,7.753817656962243,4.304432303144203,20.474146878132125,Good
2024-12-29 21:00:00,Tank_B,8.437944667406104,1.4777711090843697,18.469202767792346,Good
2024-12-29 22:00:00,Tank_A,6.9989089552006725,4.506623424066495,23.578930622224306,Moderate
2024-12-29 23:00:00,Tank_B,7.495476378294618,2.0639479141834087,18.904377475132097,Good
2024-12-30 00:00:00,Tank_B,8.18740072434452,4.332551171112218,18.04052103062695,Good
2024-12-30 01:00:00,Tank_A,7.5833514500962735,2.5985439759370257,17.746003913470922,Good
2024-12-30 02:00:00,Tank_B,7.9502134999868685,4.323474077758814,28.386818694165363,Good
2024-12-30 03:00:00,Tank_C,7.068386570121041,4.228444103916031,32.33043151086771,Good
2024-12-30 04:00:00,Tank_B,7.8822706950783274,2.323713679922311,30.71968857401033,Poor
2024-12-30 05:00:00,Tank_C,6.819444244835079,0.993055008210384,15.193255444457323,Good
2024-12-30 06:00:00,Tank_B,8.19469992688379,3.403353426165674,19.24891980136645,Poor
2024-12-30 07:00:00,Tank_B,6.7788872191249885,3.4329986403299504,25.320248644824726,Good
2024-12-30 08:00:00,Tank_C,8.086358926545797,3.2105486474263523,18.667272668547987,Good
2024-12-30 09:00:00,Tank_B,6.674327731631591,2.72550419027521,23.69130582961045,Moderate
2024-12-30 10:00:00,Tank_C,7.8116978942820054,1.283096928869683,27.47759805650112,Moderate
2024-12-30 11:00:00,Tank_B,8.030744927392146,2.354345239448055,17.70610542266551,Good
2024-12-30 12:00:00,Tank_C,7.017315503288947,0.6590426453643,20.54504436204757,Moderate
2024-12-30 13:00:00,Tank_B,6.6979695004061,3.0456811336854335,19.506508666871156,Good
2024-12-30 14:00:00,Tank_C,7.191359162506014,0.9834529542537973,32.05146425689526,Good
2024-12-30 15:00:00,Tank_C,7.435807227666879,2.3802063426162685,24.00389846710345,Moderate
2024-12-30 16:00:00,Tank_B,7.832194832655123,1.3190722400823063,18.809227700068284,Good
2024-12-30 17:00:00,Tank_A,7.863351146883372,1.3332265236271974,32.87177773373925,Moderate
2024-12-30 18:00:00,Tank_C,7.624935057671094,4.315720610676883,27.737638589316788,Good
2024-12-30 19:00:00,Tank_B,7.626294647419754,4.942450949320612,20.46297333458668,Good
2024-12-30 20:00:00,Tank_A,8.170417691072391,1.165138019021622,31.386445463699538,Good
2024-12-30 21:00:00,Tank_A,7.71470739522375,1.146276801729111,30.955205089703632,Good
2024-12-30 22:00:00,Tank_C,7.615403865405025,2.7308183248537516,24.673042080750697,Good
2024-12-30 23:00:00,Tank_A,6.515928484347889,0.04743984257365774,29.54614238512285,Poor
2024-12-31 00:00:00,Tank_B,8.404651405074524,3.6182242975744843,15.024301869565292,Good
2024-12-31 01:00:00,Tank_B,7.345240901960656,1.4959665284488832,32.14118295139904,Moderate
2024-12-31 02:00:00,Tank_B,7.574819100474554,4.415773235201936,24.38168195962707,Moderate
2024-12-31 03:00:00,Tank_C,7.785907743331514,0.24795430863314427,34.02132008043389,Good
2024-12-31 04:00:00,Tank_B,6.500692953078225,2.1790344880306427,34.55739872929375,Good
2024-12-31 05:00:00,Tank_A,7.725597952987061,1.7925789803593417,25.110793214993535,Good
2024-12-31 06:00:00,Tank_A,7.91785274539584,3.7752613989795387,17.934097792504648,Good
2024-12-31 07:00:00,Tank_B,8.002135284997513,2.153149498556266,23.404216476812177,Good
2024-12-31 08:00:00,Tank_A,7.861786953989673,3.62460435864362,34.832033739752205,Moderate
2024-12-31 09:00:00,Tank_B,7.813353828759904,1.1731337410291154,25.26550175310398,Poor
2024-12-31 10:00:00,Tank_B,7.915281768942593,3.326209782732916,34.979564364559394,Good
2024-12-31 11:00:00,Tank_C,8.115119031146593,1.2935237039949143,29.47496419351613,Moderate
2024-12-31 12:00:00,Tank_C,7.63342954872502,0.8633272086942007,26.08122321350835,Good
2024-12-31 13:00:00,Tank_A,8.268686800532182,3.5739773562911163,17.640983289753787,Moderate
2024-12-31 14:00:00,Tank_B,7.157724016692861,1.05623379582375,26.37795511030138,Good
2024-12-31 15:00:00,Tank_A,6.62246575763155,2.797196601992144,19.216621147376394,Good
2024-12-31 16:00:00,Tank_B,7.101930136251511,1.3311133083312954,32.64078778883241,Good
2024-12-31 17:00:00,Tank_C,6.597251185107946,0.6044320439210454,32.411474669327355,Poor
2024-12-31 18:00:00,Tank_C,7.256989754786796,3.3590791343553867,32.209630451295766,Good
2024-12-31 19:00:00,Tank_B,6.960707050565818,4.601118915772671,29.474265258237008,Good
2024-12-31 20:00:00,Tank_C,6.836765251303176,2.8715188027508565,30.02238543986744,Good
2024-12-31 21:00:00,Tank_B,8.41425288950622,0.5229744620658877,21.82869215204992,Moderate
2024-12-31 22:00:00,Tank_C,6.626304407799702,1.7195605966639733,28.35177055258253,Good
2024-12-31 23:00:00,Tank_C,6.827737239054892,2.933048242948452,27.71027517933425,Good
2025-01-01 00:00:00,Tank_C,6.889404769864197,0.24709390894915306,23.38227940787604,Good
2025-01-01 01:00:00,Tank_A,6.577995568106331,1.5840817784240318,21.58294313949092,Good
2025-01-01 02:00:00,Tank_B,6.532120471596766,1.0373358356362212,30.744994943288493,Good
2025-01-01 03:00:00,Tank_B,8.17456548159927,2.1427322507152384,15.226098431242388,Poor
2025-01-01 04:00:00,Tank_B,7.402382224717031,0.45995968007924826,34.2806693019108,Good
2025-01-01 05:00:00,Tank_C,8.18167238017163,4.200355722402264,29.382300156638827,Good
2025-01-01 06:00:00,Tank_C,8.35579839585906,1.01673399458257,29.361505161266233,Good
2025-01-01 07:00:00,Tank_B,7.924905400248802,0.8798004896896611,25.669058582484695,Moderate
2025-01-01 08:00:00,Tank_C,7.924144974501546,2.815374177517645,23.765531082355203,Good
2025-01-01 09:00:00,Tank_B,7.781502284791945,4.36029548426593,21.216702150474944,Good
2025-01-01 10:00:00,Tank_B,7.999534521233345,3.8960732994847866,18.438783231564578,Good
2025-01-01 11:00:00,Tank_C,7.471263870618982,0.20995631564241335,30.11790176457111,Good
2025-01-01 12:00:00,Tank_B,8.104002214162323,0.9189887518101192,19.850013408766607,Good
2025-01-01 13:00:00,Tank_B,7.000506506635278,2.2012554198267487,30.021921785773834,Good
2025-01-01 14:00:00,Tank_C,7.730371875235313,1.1865937681392325,17.59773024173119,Good
2025-01-01 15:00:00,Tank_A,7.9738734047774695,3.6079570350144685,30.111663038493333,Good
2025-01-01 16:00:00,Tank_B,6.607358160755027,1.107724284987106,29.224171536662265,Good
2025-01-01 17:00:00,Tank_C,7.773515079681984,2.792880983241664,34.68049353267574,Good
2025-01-01 18:00:00,Tank_C,7.721178489005845,0.5681944236755215,20.957719226757163,Moderate
2025-01-01 19:00:00,Tank_A,7.165119115131376,0.2324400895999701,18.78933662402673,Good
2025-01-01 20:00:00,Tank_B,8.03291320762401,4.9559534411285835,23.91354864118866,Poor
2025-01-01 21:00:00,Tank_B,6.662497367912071,4.4909182045681915,16.64402197382939,Good
2025-01-01 22:00:00,Tank_C,7.856520533523952,2.920049429444589,16.150320359964603,Good
2025-01-01 23:00:00,Tank_A,8.098060596626327,1.9561972742236022,30.639464156541756,Moderate
2025-01-02 00:00:00,Tank_C,7.735034459059746,3.7518971907540837,28.282939754231215,Good
2025-01-02 01:00:00,Tank_C,8.032955380873915,3.856871709874702,30.263261776864923,Good
2025-01-02 02:00:00,Tank_B,7.716462345410696,1.4057713193970907,29.736093602160082,Good
2025-01-02 03:00:00,Tank_A,7.418473812707305,1.0149584847814386,20.12648687528289,Good
2025-01-02 04:00:00,Tank_A,8.343717925668928,4.533271838478185,16.139563599432243,Good
2025-01-02 05:00:00,Tank_C,6.890278966099988,3.5221178888067284,16.653153910865143,Poor
2025-01-02 06:00:00,Tank_C,6.7557286864170285,0.49794689882867893,31.57653337154937,Good
2025-01-02 07:00:00,Tank_A,8.391931935463868,2.0687126013724164,25.27796280825692,Good
2025-01-02 08:00:00,Tank_C,8.46539383887625,3.064655708435245,32.34590829466714,Moderate
2025-01-02 09:00:00,Tank_B,6.816553751476935,0.30256059459978557,31.83432340731286,Good
2025-01-02 10:00:00,Tank_C,6.721282763232265,4.25674950652181,27.517372222361754,Good
2025-01-02 11:00:00,Tank_C,7.535486982538011,4.181562760700793,30.466441303535433,Good
2025-01-02 12:00:00,Tank_C,6.638753171996592,0.6376453778141339,22.195701210687663,Good
2025-01-02 13:00:00,Tank_A,7.237719384061371,0.0682933469542174,27.477177898962978,Good
2025-01-02 14:00:00,Tank_C,8.202703129543849,3.209490493721066,32.06220593693608,Moderate
2025-01-02 15:00:00,Tank_C,6.698591860217799,4.33071958427046,15.954043631349714,Good
2025-01-02 16:00:00,Tank_B,7.382253501412847,0.3501674553187817,25.23775523573397,Good
2025-01-02 17:00:00,Tank_C,7.597680412952723,2.7899347442705813,29.640042588396938,Moderate
2025-01-02 18:00:00,Tank_C,7.7670258504266245,3.285648198859362,16.216278613184002,Poor
2025-01-02 19:00:00,Tank_A,7.303489302918403,1.1915364114893001,30.158089454584776,Good
2025-01-02 20:00:00,Tank_B,6.69361921276059,0.08006068316743997,19.14950125321539,Moderate
2025-01-02 21:00:00,Tank_A,7.744377546701147,1.8251164599599756,20.921900157551278,Poor
2025-01-02 22:00:00,Tank_C,7.734796026248049,1.8383092735027606,34.49342396671773,Good
2025-01-02 23:00:00,Tank_C,7.056780048589246,1.8419145515600195,16.973081590191704,Good
2025-01-03 00:00:00,Tank_B,6.5926668353204745,4.200189111575663,19.315182054852283,Poor
2025-01-03 01:00:00,Tank_A,7.974418839568143,1.5611694228812651,29.009643952089494,Moderate
2025-01-03 02:00:00,Tank_B,7.028783912472317,1.7985954058242966,33.845839651153454,Poor
2025-01-03 03:00:00,Tank_C,7.270540493746318,4.132835571189628,21.418323088547933,Good
2025-01-03 04:00:00,Tank_B,8.02011005822171,4.503483626198289,27.822195842106055,Good
2025-01-03 05:00:00,Tank_B,8.200956693846493,3.866743855451469,27.12185020150065,Moderate
2025-01-03 06:00:00,Tank_C,8.14895169295294,4.445839862000192,33.865509894411375,Good
2025-01-03 07:00:00,Tank_A,7.0316863067996085,3.1487007265429274,22.812531929470552,Good
2025-01-03 08:00:00,Tank_B,6.971182561014133,3.2487661273794433,30.704958183972614,Good
2025-01-03 09:00:00,Tank_C,7.838421461726992,4.539740737156736,26.93359158945908,Good
2025-01-03 10:00:00,Tank_A,8.052811473117382,4.193951880299477,25.70981861706398,Poor
2025-01-03 11:00:00,Tank_C,7.499088129642191,4.101948042933859,33.83172052598535,Good
2025-01-03 12:00:00,Tank_A,7.454925309345656,0.43550672254610734,31.637374524040982,Good
2025-01-03 13:00:00,Tank_B,7.988461610447999,0.3185125813733902,34.05523301949666,Good
2025-01-03 14:00:00,Tank_A,7.726983132606993,4.667494557702867,18.20893444237633,Good
2025-01-03 15:00:00,Tank_C,7.617610412735239,3.1802814734962768,19.62586349708144,Good
2025-01-03 16:00:00,Tank_A,6.783491423809513,4.635077071568105,18.71740783865383,Poor
2025-01-03 17:00:00,Tank_A,7.329361325233234,3.620534790749001,21.70714972510836,Good
2025-01-03 18:00:00,Tank_A,8.098304605953118,4.009134617252733,26.75196039206692,Moderate
2025-01-03 19:00:00,Tank_C,8.35065242153805,0.32456250570704337,33.72121286137934,Poor
2025-01-03 20:00:00,Tank_C,6.894488304600129,0.9421397260600234,26.94230047480316,Good
2025-01-03 21:00:00,Tank_C,6.8975784855547815,0.2737560288166374,20.97969295271318,Good
2025-01-03 22:00:00,Tank_A,7.409909009664654,2.3417306398983815,22.29836854616742,Good
2025-01-03 23:00:00,Tank_A,8.254708157035138,3.0549989181650714,23.094880817445137,Moderate
2025-01-04 00:00:00,Tank_B,8.064884229087893,3.4159806279167073,18.14416089533037,Good
2025-01-04 01:00:00,Tank_A,6.616317249482499,3.549198130851381,22.993055783554333,Moderate
2025-01-04 02:00:00,Tank_B,8.169105513605485,3.7480887039498008,20.581989300450765,Moderate
2025-01-04 03:00:00,Tank_B,8.055036208549673,2.984312475574848,19.514102260467443,Good
2025-01-04 04:00:00,Tank_A,7.849362187429725,4.046965341247747,25.518890024621243,Good
2025-01-04 05:00:00,Tank_B,7.981100001696715,4.00133986075503,25.21409001283171,Good
2025-01-04 06:00:00,Tank_B,6.859739213045653,2.059703301047171,21.24076505604363,Poor
2025-01-04 07:00:00,Tank_A,8.308008413702666,2.25926039010583,30.924691404280455,Moderate
2025-01-04 08:00:00,Tank_C,8.183604463658973,3.115068396108953,30.397334951827446,Good
2025-01-04 09:00:00,Tank_C,8.190966624103515,0.5525331864163135,30.838919141712072,Moderate
2025-01-04 10:00:00,Tank_B,8.124384276743813,3.250411470083423,25.30615431716458,Moderate
2025-01-04 11:00:00,Tank_B,8.279878941665313,1.7558138297183872,18.469084920834582,Good
2025-01-04 12:00:00,Tank_C,7.82819167322465,4.714943631047348,20.044792263981105,Good
2025-01-04 13:00:00,Tank_A,8.240253096390196,3.659738048548663,22.686223915269988,Good
2025-01-04 14:00:00,Tank_C,8.459961635984476,4.29063203248499,18.67607819724204,Good
2025-01-04 15:00:00,Tank_C,7.478134813943172,0.5782998495946112,29.836105691907594,Good
2025-01-04 16:00:00,Tank_B,7.273861357452171,0.7740423472121688,24.232605439600764,Good
2025-01-04 17:00:00,Tank_C,8.351543829821031,2.7914774524039734,21.275261939004647,Good
2025-01-04 18:00:00,Tank_A,7.076699581929277,1.6495069745462965,34.10596444174714,Good
2025-01-04 19:00:00,Tank_C,8.397721869839058,1.5143522387557518,21.38460677802092,Moderate
2025-01-04 20:00:00,Tank_C,8.351600737710449,0.04872951965266825,31.43735047070379,Good
2025-01-04 21:00:00,Tank_B,8.418842087297968,3.4282911585065805,22.156766040577303,Good
2025-01-04 22:00:00,Tank_C,7.4244494673681025,4.7365685974333,32.96984328124737,Poor
2025-01-04 23:00:00,Tank_A,6.936885050020116,4.0509817833214035,16.233143472988456,Good
2025-01-05 00:00:00,Tank_B,8.399767247578714,4.038858703399265,18.247308975909714,Good
2025-01-05 01:00:00,Tank_C,6.616923286651851,3.1283627800810034,16.490427974257564,Good
2025-01-05 02:00:00,Tank_A,6.772850086064441,4.170632857224998,24.929728893989086,Good
2025-01-05 03:00:00,Tank_C,7.57891582180983,1.275558166769758,18.793579231320557,Moderate
2025-01-05 04:00:00,Tank_B,7.844045911519636,4.190450599375433,23.29395434575632,Good
2025-01-05 05:00:00,Tank_B,8.117605022519452,0.6079585784178404,18.749635407199342,Good
2025-01-05 06:00:00,Tank_B,7.337949811204835,4.933898920661239,18.141132454870856,Good
2025-01-05 07:00:00,Tank_C,6.9967643186915645,4.468821779497546,15.300744741230973,Good
2025-01-05 08:00:00,Tank_B,7.859456894484433,4.879878237032028,19.494208596475055,Good
2025-01-05 09:00:00,Tank_B,7.561520556389096,2.4586879929416443,30.031328487218598,Moderate
2025-01-05 10:00:00,Tank_C,7.830825809788388,3.6055376778975305,21.337614863077164,Good
2025-01-05 11:00:00,Tank_A,8.410326606208528,1.097423521541983,16.78908214326502,Good
2025-01-05 12:00:00,Tank_A,7.378285198181449,2.635554303128042,33.52583381701031,Good
2025-01-05 13:00:00,Tank_A,7.6795439268692505,4.856740048940757,28.914779585615022,Good
2025-01-05 14:00:00,Tank_A,7.012023289879437,3.1134465670299294,15.341316610410887,Good
2025-01-05 15:00:00,Tank_A,7.200961387992474,4.619166276179819,32.20709133725335,Moderate
2025-01-05 16:00:00,Tank_A,7.376548368892064,3.0760652220842557,23.77136462273313,Good
2025-01-05 17:00:00,Tank_C,7.73081077779442,2.9850638333258797,21.33320424500212,Moderate
2025-01-05 18:00:00,Tank_A,7.408108154056137,1.3991087647438893,34.93379902361798,Moderate
2025-01-05 19:00:00,Tank_B,7.116501626778243,3.671052168736671,27.968077978750436,Good
2025-01-05 20:00:00,Tank_C,8.023294276540458,3.1589184130218966,18.458220533355252,Good
2025-01-05 21:00:00,Tank_C,6.60834164100388,2.178778004325517,27.89638135642086,Poor
2025-01-05 22:00:00,Tank_A,6.523465303993327,2.5732224441110603,20.35600086075213,Good
2025-01-05 23:00:00,Tank_A,8.213215613359111,3.085526546775492,22.621964782963907,Poor
2025-01-06 00:00:00,Tank_A,7.4676612170504635,2.1132416255569764,18.894252111026457,Moderate
2025-01-06 01:00:00,Tank_B,8.000646234684343,3.6978675735757216,32.32621877650492,Good
2025-01-06 02:00:00,Tank_A,7.4716073453835845,0.5600353112311118,17.104612995996426,Moderate
2025-01-06 03:00:00,Tank_B,7.915030678341224,0.3838691215666046,22.74319434616261,Good
2025-01-06 04:00:00,Tank_A,8.428819078505922,3.631620871812744,16.93675973772233,Good
2025-01-06 05:00:00,Tank_C,7.412507804233837,3.1907568792190615,20.60903068114777,Good
2025-01-06 06:00:00,Tank_C,7.799800097145096,3.451716199996853,26.17551465175624,Moderate
2025-01-06 07:00:00,Tank_A,7.038351572418229,2.020418479122166,19.18184852541268,Good
2025-01-06 08:00:00,Tank_C,6.969674317881349,3.4719963137303482,18.01147397892413,Good
2025-01-06 09:00:00,Tank_B,6.976621076368346,1.1261299965174283,25.193521459665313,Good
2025-01-06 10:00:00,Tank_A,7.539597157452957,0.8155864191376999,20.574815592272888,Good
2025-01-06 11:00:00,Tank_C,6.772092550595558,1.8468124996448587,32.26791020284973,Good
2025-01-06 12:00:00,Tank_B,7.680945239885709,2.426902919823738,29.474974025859375,Good
2025-01-06 13:00:00,Tank_A,6.785695750223412,1.3301547906978117,29.411826331388134,Good
2025-01-06 14:00:00,Tank_B,7.120051616421247,1.452070475361542,27.166348512212913,Good
2025-01-06 15:00:00,Tank_B,7.7122790358670485,0.41547077821070366,30.578314975273255,Good
2025-01-06 16:00:00,Tank_C,8.263962683074483,2.6844324242057036,33.824526937884315,Good
2025-01-06 17:00:00,Tank_C,6.979766572547944,4.8184193952702765,29.5446439879089,Good
2025-01-06 18:00:00,Tank_B,7.406087871418556,0.39702334285441343,27.370872212699286,Good
2025-01-06 19:00:00,Tank_B,8.055713771528573,2.91374288883586,30.08698776043775,Good
2025-01-06 20:00:00,Tank_A,8.011565854649536,4.739935563309545,28.400449637624067,Moderate
2025-01-06 21:00:00,Tank_C,8.127513880312895,0.538936174122504,21.913461853507464,Poor
2025-01-06 22:00:00,Tank_C,7.790681125119287,2.8154316985301047,31.06472225791564,Good
2025-01-06 23:00:00,Tank_B,6.6264703335518504,0.3214598352242548,18.79100380843176,Moderate
2025-01-07 00:00:00,Tank_A,7.693093208514844,2.2840054408950934,24.617249317010348,Moderate
2025-01-07 01:00:00,Tank_B,6.683034845791649,3.015823322758171,16.247025503841776,Good
2025-01-07 02:00:00,Tank_A,6.74748905685562,4.533363112639569,29.576958306285526,Good
2025-01-07 03:00:00,Tank_A,7.255803954706119,4.7145219695021705,23.784371126008214,Poor
2025-01-07 04:00:00,Tank_A,6.783392163378874,3.5788618399579706,25.714518662936793,Poor
2025-01-07 05:00:00,Tank_A,7.336542905098155,3.6385983191754985,24.363366050803943,Good
2025-01-07 06:00:00,Tank_B,7.453640976319445,0.6913709650036914,23.263985637310114,Good
2025-01-07 07:00:00,Tank_B,8.321241503755534,2.2136990216781696,19.084180828849554,Good
2025-01-07 08:00:00,Tank_B,6.598297532286788,0.5981973198931922,18.152081933901634,Good
2025-01-07 09:00:00,Tank_C,7.670126087451177,2.3456836429301644,22.059263449296967,Good
2025-01-07 10:00:00,Tank_C,7.0649584567884745,4.9644193436331765,18.282141363116963,Good
2025-01-07 11:00:00,Tank_C,8.129261808127993,1.071783139824944,19.01213618179209,Poor
2025-01-07 12:00:00,Tank_A,8.369914756863029,2.8297266352484103,33.412980425608446,Moderate
2025-01-07 13:00:00,Tank_A,7.414114736168331,0.9424709636629758,29.058387095796952,Good
2025-01-07 14:00:00,Tank_A,6.734951949026259,3.95757444199752,29.820282737104574,Poor
2025-01-07 15:00:00,Tank_A,7.467990948682319,2.8899160411387568,22.997589150682856,Good
2025-01-07 16:00:00,Tank_A,8.176453561532304,4.006182528994212,32.079189759219105,Good
2025-01-07 17:00:00,Tank_C,7.268406492858585,2.8205681745536544,23.895784327971572,Good
2025-01-07 18:00:00,Tank_A,8.41370757917365,1.2008619490974226,27.123123299261863,Good
2025-01-07 19:00:00,Tank_C,7.658623683058288,2.249072746389448,28.785522328406554,Good
2025-01-07 20:00:00,Tank_B,8.276002395128899,1.176460128391192,26.363441981669563,Poor
2025-01-07 21:00:00,Tank_A,7.600537517216974,1.918011746897477,19.83758282336536,Moderate
2025-01-07 22:00:00,Tank_B,7.087687257067817,3.218917472707144,28.387128371589412,Good
2025-01-07 23:00:00,Tank_B,6.767434239653593,1.8500480697526638,15.506722068340075,Good
2025-01-08 00:00:00,Tank_C,8.49911084644095,1.4037170294930845,30.16122357853723,Good
2025-01-08 01:00:00,Tank_A,7.189540285082806,1.224776918590299,26.88094486385432,Good
2025-01-08 02:00:00,Tank_B,7.714398507671175,4.546425343263345,26.86637243861706,Good
2025-01-08 03:00:00,Tank_C,7.480886324930722,0.9965986220180589,31.81109758652267,Good
2025-01-08 04:00:00,Tank_B,6.9544426923837745,1.8454458809155456,22.762038025234073,Poor
2025-01-08 05:00:00,Tank_B,7.8281749516654315,3.733332401366651,34.21434568711203,Good
2025-01-08 06:00:00,Tank_C,8.311010087216838,0.6130413904059356,31.051829285891852,Good
2025-01-08 07:00:00,Tank_A,8.349707751818036,2.2354900060298517,32.849531420981705,Good
2025-01-08 08:00:00,Tank_C,6.730820301610402,2.477500319754467,23.680452463403164,Good
2025-01-08 09:00:00,Tank_B,6.9246982895474645,3.954724518732781,29.57971520789352,Good
2025-01-08 10:00:00,Tank_A,7.580325202593144,1.8077035409509241,23.201635903815397,Good
2025-01-08 11:00:00,Tank_A,7.6608441732484245,1.537959151567296,18.64639118112753,Good
2025-01-08 12:00:00,Tank_C,8.009388623412317,1.9591271489348898,30.07146921542997,Good
2025-01-08 13:00:00,Tank_A,6.888036138495368,2.031015401379289,23.089159497093107,Good
2025-01-08 14:00:00,Tank_B,8.141925779199502,3.0352648440519743,29.996997722622336,Good
2025-01-08 15:00:00,Tank_B,7.876105656239163,2.15817418224225,28.369752619037676,Good
2025-01-08 16:00:00,Tank_A,8.313660870964982,3.1329287723959407,20.789919784940256,Good
2025-01-08 17:00:00,Tank_C,6.964858543476932,4.061319521221688,20.264466406154675,Moderate
2025-01-08 18:00:00,Tank_B,6.535144773048756,4.289045393509697,16.41606464328192,Good
2025-01-08 19:00:00,Tank_C,8.389322229418275,3.379298383620491,28.412682327394133,Poor
2025-01-08 20:00:00,Tank_A,6.896960115981631,1.927037210309877,29.729674080339677,Good
2025-01-08 21:00:00,Tank_B,7.499869006817903,1.73809232417423,29.799558648925768,Poor
2025-01-08 22:00:00,Tank_C,7.072497082990023,1.4936043387184705,17.593287713529687,Good
2025-01-08 23:00:00,Tank_A,7.45275597320149,0.7084118565729625,26.66794062699059,Moderate
2025-01-09 00:00:00,Tank_C,8.30569913033225,4.759019444788085,17.12164269512669,Good
2025-01-09 01:00:00,Tank_C,7.494389854890782,1.6563316314772987,33.955476800731574,Good
2025-01-09 02:00:00,Tank_B,7.059829431193361,2.9907190514186848,18.168224634951752,Moderate
2025-01-09 03:00:00,Tank_C,8.026427447147238,2.3674633338276525,20.68400638124482,Moderate
2025-01-09 04:00:00,Tank_C,7.413111420818444,3.9469806162779966,23.477658530662186,Good
2025-01-09 05:00:00,Tank_B,7.727554317639211,2.425637641928009,20.23909105669796,Good
2025-01-09 06:00:00,Tank_A,6.8848578242481295,1.943395765169809,20.986926984801116,Good
2025-01-09 07:00:00,Tank_C,8.220051380281546,0.3758060480233494,15.579668514745954,Good
2025-01-09 08:00:00,Tank_C,6.613823447995075,4.416989420715688,21.756426363579216,Poor
2025-01-09 09:00:00,Tank_C,8.092071622626348,2.6822089722666993,24.536608279065213,Good
2025-01-09 10:00:00,Tank_B,6.508404471941688,3.3169356955602396,32.62753372369089,Good
2025-01-09 11:00:00,Tank_A,7.597207911691092,4.6653517671940925,31.953198602702013,Good
2025-01-09 12:00:00,Tank_A,6.924015807270171,2.175603377523627,27.49117602679489,Good
2025-01-09 13:00:00,Tank_C,8.413829301972987,1.0333746643401258,21.889054408251063,Good
2025-01-09 14:00:00,Tank_B,7.872262043186548,2.0127823328802616,23.887426566780388,Good
2025-01-09 15:00:00,Tank_C,8.38454147653504,1.5223264678735093,31.98626728358111,Poor
2025-01-09 16:00:00,Tank_B,7.268252777549933,3.4645334778817425,19.069346497300725,Good
2025-01-09 17:00:00,Tank_C,7.435256701110268,0.7517222248667677,19.83366791480281,Good
2025-01-09 18:00:00,Tank_C,7.4894743706331575,3.5318366975708964,16.172255337337614,Good
2025-01-09 19:00:00,Tank_B,7.449349966697669,2.4973331195457513,26.460820619884224,Good
2025-01-09 20:00:00,Tank_B,7.238658848334902,3.7056519085572424,30.18211432176325,Good
2025-01-09 21:00:00,Tank_B,8.13434508682349,1.7931349265580032,21.55031145314205,Good
2025-01-09 22:00:00,Tank_C,7.583529848122648,0.34958728270168604,25.30456328880993,Poor
2025-01-09 23:00:00,Tank_C,8.025521600914102,4.170093092734645,23.29905863938334,Good
2025-01-10 00:00:00,Tank_B,6.881612073936103,3.8930893462578213,34.50172326905758,Good
2025-01-10 01:00:00,Tank_B,7.764939794327337,3.8154519530013293,17.55783064913051,Moderate
2025-01-10 02:00:00,Tank_A,7.784837217419207,4.177172189957867,25.29548949730799,Moderate
2025-01-10 03:00:00,Tank_A,7.929483684660037,1.442039468157486,24.097381948738295,Moderate
2025-01-10 04:00:00,Tank_B,8.46708481855634,1.063750271497625,32.19336993321212,Poor
2025-01-10 05:00:00,Tank_C,7.012218082998455,3.1109149798575064,28.78509944876306,Good
2025-01-10 06:00:00,Tank_B,6.531275890592949,3.8468377454587928,26.13414959878545,Good
2025-01-10 07:00:00,Tank_B,8.019311520944953,3.789842946529979,33.05713878176275,Moderate
2025-01-10 08:00:00,Tank_A,8.379912910115562,0.967468529479471,25.600887559157073,Moderate
2025-01-10 09:00:00,Tank_C,7.3265700586045295,0.9726448534881421,22.183199798526175,Good
2025-01-10 10:00:00,Tank_B,8.443550679176798,4.494220329615607,19.377455205153275,Good
2025-01-10 11:00:00,Tank_C,7.463458068501148,2.2215539774609367,17.796774213300985,Moderate
2025-01-10 12:00:00,Tank_C,7.707824397481482,1.3845609670984032,19.84063296073372,Good
2025-01-10 13:00:00,Tank_A,6.945007905992258,0.8998950728936561,15.528798794191914,Poor
2025-01-10 14:00:00,Tank_A,8.451631628780278,1.0741765840725375,16.525176229786393,Good
2025-01-10 15:00:00,Tank_C,7.51866570990101,2.9392743039992917,19.281293181057727,Moderate
2025-01-10 16:00:00,Tank_C,7.677282210243218,3.962406267597156,28.705875952496854,Poor
2025-01-10 17:00:00,Tank_A,7.723563233950188,3.2872416699256197,26.84450053318933,Good
2025-01-10 18:00:00,Tank_B,7.829723703839623,1.3996965305081317,33.03027559233597,Good
2025-01-10 19:00:00,Tank_C,6.735269610537144,2.4401832652907656,24.366578320117288,Good
2025-01-10 20:00:00,Tank_B,8.35997979131819,4.523344857384624,25.6203974349728,Good
2025-01-10 21:00:00,Tank_A,7.8157245051618816,2.3580805079419784,20.705236246625006,Good
2025-01-10 22:00:00,Tank_C,8.192307395781688,3.155185538453831,31.742390545536466,Moderate
2025-01-10 23:00:00,Tank_A,7.829390754624769,1.8445733566975138,33.79788797783693,Moderate
2025-01-11 00:00:00,Tank_C,7.428937927505941,0.30218608506657807,26.37881133832102,Moderate
2025-01-11 01:00:00,Tank_C,6.889093492256677,1.0725925010890731,32.632883030263045,Good
2025-01-11 02:00:00,Tank_C,7.488634958275199,0.3826871866865922,33.82234477502585,Good
2025-01-11 03:00:00,Tank_B,7.9724540019022365,1.1018551586064484,29.390054479811393,Good
2025-01-11 04:00:00,Tank_C,7.516388936203449,2.5082894403423603,32.00517121174788,Moderate
2025-01-11 05:00:00,Tank_C,7.9358125340656045,4.854259390748947,20.986715037452747,Moderate
2025-01-11 06:00:00,Tank_C,6.7653142269576465,0.9217762693847242,18.973447402394548,Good
2025-01-11 07:00:00,Tank_B,6.836408115270998,3.964729146986988,23.939688789141854,Moderate
2025-01-11 08:00:00,Tank_C,6.833152287898759,3.47513877953837,33.760852535146526,Moderate
2025-01-11 09:00:00,Tank_A,7.528156563766313,0.10377303126274551,30.966044002351367,Good
2025-01-11 10:00:00,Tank_C,8.053190692108366,2.5963489331714324,19.730529131504973,Poor
2025-01-11 11:00:00,Tank_B,8.440015848122632,1.2984999468501002,25.80535737086591,Good
2025-01-11 12:00:00,Tank_B,8.170809817720116,0.6864186032254282,23.919031448830758,Good
2025-01-11 13:00:00,Tank_B,7.343750285601874,3.9043080946969884,26.48089715557873,Good
2025-01-11 14:00:00,Tank_B,6.9098050402381785,3.062880427581607,21.576919023112197,Moderate
2025-01-11 15:00:00,Tank_B,7.234238212090621,3.487618484367216,34.01699607405071,Good
