Timestamp,Tank_ID,Fluid_Level_Percentage,Alert
2024-12-01 00:00:00,Tank_A,85.7150042026264,0
2024-12-01 01:00:00,Tank_C,22.31854872388998,0
2024-12-01 02:00:00,Tank_B,52.57622690385357,0
2024-12-01 03:00:00,Tank_A,30.439365072773608,0
2024-12-01 04:00:00,Tank_C,14.614126163446862,0
2024-12-01 05:00:00,Tank_C,31.266777735206706,1
2024-12-01 06:00:00,Tank_A,82.06879786450735,0
2024-12-01 07:00:00,Tank_C,19.031810400817204,0
2024-12-01 08:00:00,Tank_B,95.40890303309479,0
2024-12-01 09:00:00,Tank_C,63.056518379444576,0
2024-12-01 10:00:00,Tank_B,57.05701591544512,1
2024-12-01 11:00:00,Tank_C,17.640056568854213,0
2024-12-01 12:00:00,Tank_A,97.8984094292638,0
2024-12-01 13:00:00,Tank_A,72.9019657284702,0
2024-12-01 14:00:00,Tank_B,37.23181871237098,0
2024-12-01 15:00:00,Tank_B,17.84315572298592,0
2024-12-01 16:00:00,Tank_A,42.217617342578386,0
2024-12-01 17:00:00,Tank_B,81.77370771021529,0
2024-12-01 18:00:00,Tank_C,50.28386275880798,0
2024-12-01 19:00:00,Tank_A,37.95831156200247,1
2024-12-01 20:00:00,Tank_B,81.8780083553682,0
2024-12-01 21:00:00,Tank_B,29.029605083415984,0
2024-12-01 22:00:00,Tank_C,47.47307385605547,0
2024-12-01 23:00:00,Tank_C,85.65338915040519,0
2024-12-02 00:00:00,Tank_B,56.73213927926916,0
2024-12-02 01:00:00,Tank_C,35.75134998615597,0
2024-12-02 02:00:00,Tank_B,18.73383878674629,0
2024-12-02 03:00:00,Tank_A,85.29418599010822,0
2024-12-02 04:00:00,Tank_A,35.69091367500513,0
2024-12-02 05:00:00,Tank_C,59.18869740860073,0
2024-12-02 06:00:00,Tank_C,43.372135374258136,0
2024-12-02 07:00:00,Tank_C,12.730699057259688,0
2024-12-02 08:00:00,Tank_C,82.6531251899131,0
2024-12-02 09:00:00,Tank_B,50.90960678174333,0
2024-12-02 10:00:00,Tank_C,38.46987064275383,0
2024-12-02 11:00:00,Tank_B,70.93269531541117,0
2024-12-02 12:00:00,Tank_A,57.63274159326959,0
2024-12-02 13:00:00,Tank_C,90.07042836838428,0
2024-12-02 14:00:00,Tank_A,51.79207705161488,0
2024-12-02 15:00:00,Tank_C,38.39163973814128,0
2024-12-02 16:00:00,Tank_C,20.080007862198983,0
2024-12-02 17:00:00,Tank_C,93.07304939220127,0
2024-12-02 18:00:00,Tank_A,59.78894665261192,0
2024-12-02 19:00:00,Tank_C,59.79209518351808,0
2024-12-02 20:00:00,Tank_B,66.46709576319807,0
2024-12-02 21:00:00,Tank_C,72.7847398455917,0
2024-12-02 22:00:00,Tank_B,62.84706349874879,0
2024-12-02 23:00:00,Tank_C,94.05281021264248,0
2024-12-03 00:00:00,Tank_C,22.64017317954324,0
2024-12-03 01:00:00,Tank_A,66.08712402859797,0
2024-12-03 02:00:00,Tank_C,56.40378111087097,0
2024-12-03 03:00:00,Tank_C,21.788928262846085,0
2024-12-03 04:00:00,Tank_B,84.52802643609492,0
2024-12-03 05:00:00,Tank_A,40.70713402875144,0
2024-12-03 06:00:00,Tank_C,61.37993911036619,0
2024-12-03 07:00:00,Tank_C,34.97349180918303,0
2024-12-03 08:00:00,Tank_A,72.55009554339371,0
2024-12-03 09:00:00,Tank_B,27.691807737201504,0
2024-12-03 10:00:00,Tank_A,28.88298728656901,0
2024-12-03 11:00:00,Tank_C,89.72579810566843,0
2024-12-03 12:00:00,Tank_B,15.363189806442485,0
2024-12-03 13:00:00,Tank_C,29.92884785775861,0
2024-12-03 14:00:00,Tank_C,83.89651132812699,0
2024-12-03 15:00:00,Tank_B,79.21393542122858,0
2024-12-03 16:00:00,Tank_C,55.17109141442664,0
2024-12-03 17:00:00,Tank_B,72.0751460183099,0
2024-12-03 18:00:00,Tank_C,99.0371611817224,0
2024-12-03 19:00:00,Tank_A,24.303143429610664,0
2024-12-03 20:00:00,Tank_A,13.710874504021781,0
2024-12-03 21:00:00,Tank_B,44.30541908606675,0
2024-12-03 22:00:00,Tank_A,22.379546701915842,0
2024-12-03 23:00:00,Tank_B,84.63483266049151,0
2024-12-04 00:00:00,Tank_B,49.45665903895383,0
2024-12-04 01:00:00,Tank_A,76.50252137427096,0
2024-12-04 02:00:00,Tank_A,85.50049878025398,1
2024-12-04 03:00:00,Tank_C,20.728094139085893,0
2024-12-04 04:00:00,Tank_A,63.82296061194301,0
2024-12-04 05:00:00,Tank_C,79.65023280201665,1
2024-12-04 06:00:00,Tank_A,84.40878103987099,0
2024-12-04 07:00:00,Tank_C,99.54622307503297,0
2024-12-04 08:00:00,Tank_C,98.52363702065462,0
2024-12-04 09:00:00,Tank_B,38.34221428454369,0
2024-12-04 10:00:00,Tank_A,45.15503171069393,0
2024-12-04 11:00:00,Tank_B,94.49941582737836,0
2024-12-04 12:00:00,Tank_C,23.904484860682864,0
2024-12-04 13:00:00,Tank_B,49.58930690747963,0
2024-12-04 14:00:00,Tank_C,73.5357498721273,0
2024-12-04 15:00:00,Tank_A,29.193863849218356,0
2024-12-04 16:00:00,Tank_A,25.318463407403083,0
2024-12-04 17:00:00,Tank_B,25.410903340666316,0
2024-12-04 18:00:00,Tank_C,28.83683518140351,0
2024-12-04 19:00:00,Tank_C,99.53336606017407,0
2024-12-04 20:00:00,Tank_A,39.27156793213126,0
2024-12-04 21:00:00,Tank_B,80.79704232059886,0
2024-12-04 22:00:00,Tank_C,98.86336341511358,0
2024-12-04 23:00:00,Tank_A,93.92169342635323,0
2024-12-05 00:00:00,Tank_A,80.70029335042771,0
2024-12-05 01:00:00,Tank_B,89.46350266625771,0
2024-12-05 02:00:00,Tank_C,70.6084864780029,0
2024-12-05 03:00:00,Tank_A,57.782954499319835,0
2024-12-05 04:00:00,Tank_C,39.166954044140006,0
2024-12-05 05:00:00,Tank_A,98.64279410788774,0
2024-12-05 06:00:00,Tank_B,57.59648907705202,0
2024-12-05 07:00:00,Tank_B,67.48345176206097,0
2024-12-05 08:00:00,Tank_A,42.47602937103321,0
2024-12-05 09:00:00,Tank_B,56.59238711284896,1
2024-12-05 10:00:00,Tank_C,63.43742285978216,0
2024-12-05 11:00:00,Tank_C,82.73627679701421,0
2024-12-05 12:00:00,Tank_A,46.60008137626891,0
2024-12-05 13:00:00,Tank_C,66.67042879995627,1
2024-12-05 14:00:00,Tank_C,88.12721531802936,0
2024-12-05 15:00:00,Tank_A,73.61390799513656,0
2024-12-05 16:00:00,Tank_C,92.85135374487406,0
2024-12-05 17:00:00,Tank_B,91.0929316609335,0
2024-12-05 18:00:00,Tank_A,12.016226967423943,0
2024-12-05 19:00:00,Tank_A,85.83973376566522,0
2024-12-05 20:00:00,Tank_A,55.50748160633756,0
2024-12-05 21:00:00,Tank_C,80.4165110104455,0
2024-12-05 22:00:00,Tank_B,99.61584609466038,0
2024-12-05 23:00:00,Tank_B,49.36545008474559,0
2024-12-06 00:00:00,Tank_B,70.37692206139855,0
2024-12-06 01:00:00,Tank_A,67.98876012683169,0
2024-12-06 02:00:00,Tank_A,18.2027477537194,0
2024-12-06 03:00:00,Tank_C,24.797778154863913,1
2024-12-06 04:00:00,Tank_B,73.66707062439443,0
2024-12-06 05:00:00,Tank_B,72.12720645398673,0
2024-12-06 06:00:00,Tank_C,42.88609763727782,0
2024-12-06 07:00:00,Tank_C,56.229445188112,0
2024-12-06 08:00:00,Tank_A,51.35650973215925,0
2024-12-06 09:00:00,Tank_A,14.285000218485234,0
2024-12-06 10:00:00,Tank_B,74.99145393228166,0
2024-12-06 11:00:00,Tank_C,39.286856448951,0
2024-12-06 12:00:00,Tank_B,52.480201359553746,0
2024-12-06 13:00:00,Tank_A,77.19194772980536,0
2024-12-06 14:00:00,Tank_C,38.43246648631446,0
2024-12-06 15:00:00,Tank_A,69.9059054872211,0
2024-12-06 16:00:00,Tank_A,73.01033158376288,0
2024-12-06 17:00:00,Tank_C,75.53311430126705,0
2024-12-06 18:00:00,Tank_A,78.06016250330555,0
2024-12-06 19:00:00,Tank_B,14.274201376018112,0
2024-12-06 20:00:00,Tank_B,86.97104739200267,0
2024-12-06 21:00:00,Tank_B,36.38243126155578,0
2024-12-06 22:00:00,Tank_B,31.14238054011107,0
2024-12-06 23:00:00,Tank_A,89.65819455625176,0
2024-12-07 00:00:00,Tank_C,41.254131586851656,0
2024-12-07 01:00:00,Tank_C,16.226119879652945,0
2024-12-07 02:00:00,Tank_C,25.73741788918084,0
2024-12-07 03:00:00,Tank_C,77.11159581148495,0
2024-12-07 04:00:00,Tank_B,49.35433835056407,0
2024-12-07 05:00:00,Tank_C,22.800418179838978,0
2024-12-07 06:00:00,Tank_A,11.367637035500342,0
2024-12-07 07:00:00,Tank_B,95.00141969711635,0
2024-12-07 08:00:00,Tank_A,44.0736417468432,0
2024-12-07 09:00:00,Tank_A,47.10130989635215,0
2024-12-07 10:00:00,Tank_B,59.90054008958683,0
2024-12-07 11:00:00,Tank_C,92.20206153113935,0
2024-12-07 12:00:00,Tank_A,83.21263785061865,0
2024-12-07 13:00:00,Tank_A,57.42539632690913,0
2024-12-07 14:00:00,Tank_A,46.788394831093136,0
2024-12-07 15:00:00,Tank_C,67.63087639168342,0
2024-12-07 16:00:00,Tank_C,73.71469091292067,0
2024-12-07 17:00:00,Tank_B,75.28014685834209,0
2024-12-07 18:00:00,Tank_A,60.79832369527621,0
2024-12-07 19:00:00,Tank_C,56.642929057549885,0
2024-12-07 20:00:00,Tank_C,12.898305927376782,1
2024-12-07 21:00:00,Tank_B,21.83041488592177,0
2024-12-07 22:00:00,Tank_A,32.082218553049984,0
2024-12-07 23:00:00,Tank_A,90.01170146496592,0
2024-12-08 00:00:00,Tank_A,34.610340658570934,0
2024-12-08 01:00:00,Tank_B,90.13428197860677,0
2024-12-08 02:00:00,Tank_C,95.4027557512496,0
2024-12-08 03:00:00,Tank_B,74.13631843057273,0
2024-12-08 04:00:00,Tank_C,65.52768590574722,0
2024-12-08 05:00:00,Tank_B,69.64723833760976,0
2024-12-08 06:00:00,Tank_B,72.51498247645378,0
2024-12-08 07:00:00,Tank_C,98.61180101020842,0
2024-12-08 08:00:00,Tank_A,46.038182956182375,0
2024-12-08 09:00:00,Tank_B,60.284324219136685,0
2024-12-08 10:00:00,Tank_A,59.05277870130994,0
2024-12-08 11:00:00,Tank_B,85.70459948254276,0
2024-12-08 12:00:00,Tank_C,95.89175900846003,0
2024-12-08 13:00:00,Tank_C,20.18573951972971,0
2024-12-08 14:00:00,Tank_B,40.78187034407493,0
2024-12-08 15:00:00,Tank_C,25.418295396006044,0
2024-12-08 16:00:00,Tank_B,65.40020421005664,0
2024-12-08 17:00:00,Tank_B,61.0270851086838,0
2024-12-08 18:00:00,Tank_B,44.23041787238728,0
2024-12-08 19:00:00,Tank_C,55.47038024695155,0
2024-12-08 20:00:00,Tank_A,87.25462498726137,0
2024-12-08 21:00:00,Tank_C,68.2310828547077,0
2024-12-08 22:00:00,Tank_B,48.28795180408927,0
2024-12-08 23:00:00,Tank_C,46.180912379859315,0
2024-12-09 00:00:00,Tank_B,49.8658439521462,0
2024-12-09 01:00:00,Tank_B,99.20242965138803,0
2024-12-09 02:00:00,Tank_A,23.495551210826783,0
2024-12-09 03:00:00,Tank_A,15.947824098384944,0
2024-12-09 04:00:00,Tank_A,24.638364723726703,0
2024-12-09 05:00:00,Tank_A,68.1657699556616,1
2024-12-09 06:00:00,Tank_C,31.37621238022269,0
2024-12-09 07:00:00,Tank_B,47.83514511727189,0
2024-12-09 08:00:00,Tank_B,32.347419063142915,0
2024-12-09 09:00:00,Tank_A,49.17391082659789,0
2024-12-09 10:00:00,Tank_C,56.066446626860426,0
2024-12-09 11:00:00,Tank_A,42.0072100042103,0
2024-12-09 12:00:00,Tank_B,57.365915797626776,0
2024-12-09 13:00:00,Tank_A,97.73560308874656,0
2024-12-09 14:00:00,Tank_C,38.316777702151555,0
2024-12-09 15:00:00,Tank_A,36.2197149669082,0
2024-12-09 16:00:00,Tank_B,84.83232747960038,0
2024-12-09 17:00:00,Tank_B,31.94266871430532,0
2024-12-09 18:00:00,Tank_B,33.063635590885596,0
2024-12-09 19:00:00,Tank_B,53.06201761129537,0
2024-12-09 20:00:00,Tank_B,90.8678187531035,1
2024-12-09 21:00:00,Tank_B,60.624478893600106,0
2024-12-09 22:00:00,Tank_A,33.09540045005582,0
2024-12-09 23:00:00,Tank_A,61.12352265280431,0
2024-12-10 00:00:00,Tank_B,79.89613293841391,0
2024-12-10 01:00:00,Tank_A,78.52080817681343,0
2024-12-10 02:00:00,Tank_B,55.11156902655424,0
2024-12-10 03:00:00,Tank_B,65.58585782022945,0
2024-12-10 04:00:00,Tank_B,29.295517942100624,1
2024-12-10 05:00:00,Tank_C,96.58311930649819,0
2024-12-10 06:00:00,Tank_B,96.34290146458295,1
2024-12-10 07:00:00,Tank_A,96.62043000843038,0
2024-12-10 08:00:00,Tank_B,67.88266278713128,0
2024-12-10 09:00:00,Tank_A,27.821477067110667,0
2024-12-10 10:00:00,Tank_B,28.164870318685132,0
2024-12-10 11:00:00,Tank_B,39.5865105764768,0
2024-12-10 12:00:00,Tank_C,96.24309711431918,0
2024-12-10 13:00:00,Tank_B,40.103570502981,0
2024-12-10 14:00:00,Tank_C,19.73570428034577,0
2024-12-10 15:00:00,Tank_B,66.61605346504157,0
2024-12-10 16:00:00,Tank_A,19.405561927441134,0
2024-12-10 17:00:00,Tank_A,43.42567232608991,0
2024-12-10 18:00:00,Tank_A,56.45875747478932,0
2024-12-10 19:00:00,Tank_C,30.889346709898337,0
2024-12-10 20:00:00,Tank_C,45.39791155411848,0
2024-12-10 21:00:00,Tank_C,74.40012943382247,0
2024-12-10 22:00:00,Tank_A,84.12385066865475,0
2024-12-10 23:00:00,Tank_A,44.24572662928418,0
2024-12-11 00:00:00,Tank_C,19.964507453343064,1
2024-12-11 01:00:00,Tank_C,32.10402198058635,0
2024-12-11 02:00:00,Tank_A,67.2785546879382,0
2024-12-11 03:00:00,Tank_A,56.35172350398212,0
2024-12-11 04:00:00,Tank_C,31.613072208259,0
2024-12-11 05:00:00,Tank_C,46.9897951592533,0
2024-12-11 06:00:00,Tank_A,47.77063117992602,1
2024-12-11 07:00:00,Tank_A,66.06540448069171,0
2024-12-11 08:00:00,Tank_A,74.6855930952236,1
2024-12-11 09:00:00,Tank_C,27.434396340735745,0
2024-12-11 10:00:00,Tank_A,66.72569288003197,0
2024-12-11 11:00:00,Tank_A,97.64105072210035,0
2024-12-11 12:00:00,Tank_C,96.23864275494047,0
2024-12-11 13:00:00,Tank_B,51.87234268561564,0
2024-12-11 14:00:00,Tank_A,66.67763611510324,0
2024-12-11 15:00:00,Tank_A,78.09685872395636,0
2024-12-11 16:00:00,Tank_B,49.81344226077461,0
2024-12-11 17:00:00,Tank_B,50.52200035099916,0
2024-12-11 18:00:00,Tank_B,23.727565769818185,0
2024-12-11 19:00:00,Tank_B,27.23233040758914,0
2024-12-11 20:00:00,Tank_C,87.54802989461291,0
2024-12-11 21:00:00,Tank_C,39.66726584061065,0
2024-12-11 22:00:00,Tank_A,91.25217208832728,0
2024-12-11 23:00:00,Tank_C,76.41642242649692,0
2024-12-12 00:00:00,Tank_B,82.58155296778567,0
2024-12-12 01:00:00,Tank_B,60.45435653122625,0
2024-12-12 02:00:00,Tank_A,63.90030549123786,0
2024-12-12 03:00:00,Tank_B,37.83494120291091,0
2024-12-12 04:00:00,Tank_B,84.15216051147917,0
2024-12-12 05:00:00,Tank_B,91.82429646522638,0
2024-12-12 06:00:00,Tank_A,85.61033923203429,0
2024-12-12 07:00:00,Tank_B,37.61167061632183,1
2024-12-12 08:00:00,Tank_A,80.95363098710803,0
2024-12-12 09:00:00,Tank_B,53.52514095165064,0
2024-12-12 10:00:00,Tank_B,78.77827372828868,0
2024-12-12 11:00:00,Tank_C,85.49571196772308,0
2024-12-12 12:00:00,Tank_B,76.85329445453078,0
2024-12-12 13:00:00,Tank_A,23.301384091774143,0
2024-12-12 14:00:00,Tank_A,28.3124667781915,0
2024-12-12 15:00:00,Tank_B,24.438028651675275,0
2024-12-12 16:00:00,Tank_A,98.8120806306849,0
2024-12-12 17:00:00,Tank_B,70.81656833893773,0
2024-12-12 18:00:00,Tank_C,41.605536603219534,1
2024-12-12 19:00:00,Tank_A,45.4630237420392,0
2024-12-12 20:00:00,Tank_A,37.10831266828929,0
2024-12-12 21:00:00,Tank_B,94.62247339572792,0
2024-12-12 22:00:00,Tank_B,96.98373766075454,0
2024-12-12 23:00:00,Tank_A,87.35123574941031,0
2024-12-13 00:00:00,Tank_B,28.720165368544926,0
2024-12-13 01:00:00,Tank_C,88.23448015567365,0
2024-12-13 02:00:00,Tank_A,48.634166773270536,0
2024-12-13 03:00:00,Tank_A,84.02514301325803,0
2024-12-13 04:00:00,Tank_A,27.163866372870263,0
2024-12-13 05:00:00,Tank_B,49.972029215135684,0
2024-12-13 06:00:00,Tank_B,95.97411696384182,0
2024-12-13 07:00:00,Tank_A,20.601033885893614,0
2024-12-13 08:00:00,Tank_A,14.116719182699988,0
2024-12-13 09:00:00,Tank_A,69.77250085220525,0
2024-12-13 10:00:00,Tank_A,81.56115238239362,0
2024-12-13 11:00:00,Tank_A,83.18579566303903,0
2024-12-13 12:00:00,Tank_C,89.31307982056984,0
2024-12-13 13:00:00,Tank_A,68.33353267451469,0
2024-12-13 14:00:00,Tank_A,58.82132948570794,0
2024-12-13 15:00:00,Tank_A,78.79532101461422,0
2024-12-13 16:00:00,Tank_B,68.35922487665184,0
2024-12-13 17:00:00,Tank_C,66.36164999762839,0
2024-12-13 18:00:00,Tank_C,92.13760532608269,1
2024-12-13 19:00:00,Tank_C,34.04226034082821,0
2024-12-13 20:00:00,Tank_C,38.33063704136379,0
2024-12-13 21:00:00,Tank_B,92.08670240749487,0
2024-12-13 22:00:00,Tank_B,74.86260886419356,0
2024-12-13 23:00:00,Tank_B,30.678347527812992,0
2024-12-14 00:00:00,Tank_B,93.61241437941669,0
2024-12-14 01:00:00,Tank_A,17.772659374740186,0
2024-12-14 02:00:00,Tank_B,81.21214979621007,0
2024-12-14 03:00:00,Tank_A,66.98436626649385,0
2024-12-14 04:00:00,Tank_A,61.33074083406738,0
2024-12-14 05:00:00,Tank_A,22.177156984787377,0
2024-12-14 06:00:00,Tank_C,78.5836057473705,0
2024-12-14 07:00:00,Tank_B,36.77081797511519,0
2024-12-14 08:00:00,Tank_A,65.54999519445909,0
2024-12-14 09:00:00,Tank_B,16.48423460466264,0
2024-12-14 10:00:00,Tank_B,40.05044606021838,0
2024-12-14 11:00:00,Tank_C,38.761874241773356,0
2024-12-14 12:00:00,Tank_B,94.35368596638455,0
2024-12-14 13:00:00,Tank_C,66.77952965916441,1
2024-12-14 14:00:00,Tank_A,95.62828988244395,0
2024-12-14 15:00:00,Tank_B,11.511800710347144,0
2024-12-14 16:00:00,Tank_A,44.31684730817085,0
2024-12-14 17:00:00,Tank_C,69.91414950605984,0
2024-12-14 18:00:00,Tank_A,62.0516949711701,0
2024-12-14 19:00:00,Tank_A,23.271725454722684,0
2024-12-14 20:00:00,Tank_B,80.4763028314949,0
2024-12-14 21:00:00,Tank_B,18.915685249340413,0
2024-12-14 22:00:00,Tank_A,93.55979918451791,0
2024-12-14 23:00:00,Tank_A,57.36881291304723,0
2024-12-15 00:00:00,Tank_A,38.29171492483162,0
2024-12-15 01:00:00,Tank_C,45.32860565484996,0
2024-12-15 02:00:00,Tank_C,58.79801092642252,0
2024-12-15 03:00:00,Tank_A,20.410508167382055,0
2024-12-15 04:00:00,Tank_C,36.16321512228916,0
2024-12-15 05:00:00,Tank_B,59.72197100873835,0
2024-12-15 06:00:00,Tank_B,87.9627158370566,0
2024-12-15 07:00:00,Tank_A,76.47263928314943,0
2024-12-15 08:00:00,Tank_A,26.25790728553453,0
2024-12-15 09:00:00,Tank_C,36.33270937168989,0
2024-12-15 10:00:00,Tank_B,88.1566599299249,0
2024-12-15 11:00:00,Tank_C,96.39715228003908,0
2024-12-15 12:00:00,Tank_C,46.37740963194774,0
2024-12-15 13:00:00,Tank_C,55.13163060059803,0
2024-12-15 14:00:00,Tank_C,67.49423173030597,0
2024-12-15 15:00:00,Tank_B,40.64111050391698,0
2024-12-15 16:00:00,Tank_B,45.656298872375864,0
2024-12-15 17:00:00,Tank_C,65.11693902081512,0
2024-12-15 18:00:00,Tank_A,33.35740823608248,0
2024-12-15 19:00:00,Tank_B,25.217772881662867,0
2024-12-15 20:00:00,Tank_C,56.60376830228934,0
2024-12-15 21:00:00,Tank_B,88.50729424387332,0
2024-12-15 22:00:00,Tank_C,80.95751385286692,0
2024-12-15 23:00:00,Tank_C,40.01417335579005,0
2024-12-16 00:00:00,Tank_C,45.92026335255191,0
2024-12-16 01:00:00,Tank_C,10.783317034515065,0
2024-12-16 02:00:00,Tank_B,23.14652041645703,0
2024-12-16 03:00:00,Tank_C,88.62675561530112,0
2024-12-16 04:00:00,Tank_B,34.988734053668104,0
2024-12-16 05:00:00,Tank_A,20.073375285463918,0
2024-12-16 06:00:00,Tank_C,14.618882834658546,0
2024-12-16 07:00:00,Tank_C,65.4780467049682,0
2024-12-16 08:00:00,Tank_B,16.953103027528854,0
2024-12-16 09:00:00,Tank_C,93.22133460261156,0
2024-12-16 10:00:00,Tank_A,54.95113733350223,0
2024-12-16 11:00:00,Tank_A,21.095961425462885,0
2024-12-16 12:00:00,Tank_A,43.71699286649128,0
2024-12-16 13:00:00,Tank_C,42.17152921101311,0
2024-12-16 14:00:00,Tank_B,96.82887365367645,0
2024-12-16 15:00:00,Tank_A,19.985508251109437,0
2024-12-16 16:00:00,Tank_A,61.6288664249413,0
2024-12-16 17:00:00,Tank_A,22.07291991389446,0
2024-12-16 18:00:00,Tank_A,47.34828265766758,0
2024-12-16 19:00:00,Tank_B,62.536285216306005,0
2024-12-16 20:00:00,Tank_B,50.22118655010975,0
2024-12-16 21:00:00,Tank_A,51.02528355862013,0
2024-12-16 22:00:00,Tank_A,71.2444964737671,0
2024-12-16 23:00:00,Tank_B,19.025246758489985,0
2024-12-17 00:00:00,Tank_B,38.99950430460173,1
2024-12-17 01:00:00,Tank_C,81.02329023380402,0
2024-12-17 02:00:00,Tank_B,73.71337303530481,0
2024-12-17 03:00:00,Tank_C,61.91457869959308,1
2024-12-17 04:00:00,Tank_A,82.28804211445515,0
2024-12-17 05:00:00,Tank_C,81.22339456456562,0
2024-12-17 06:00:00,Tank_C,76.31822701790736,0
2024-12-17 07:00:00,Tank_C,44.517782447223404,0
2024-12-17 08:00:00,Tank_A,14.625116409381967,0
2024-12-17 09:00:00,Tank_A,50.693579738413725,0
2024-12-17 10:00:00,Tank_C,47.33645297578515,0
2024-12-17 11:00:00,Tank_A,38.63356488657511,0
2024-12-17 12:00:00,Tank_C,24.191757278888907,0
2024-12-17 13:00:00,Tank_B,74.0210534939891,0
2024-12-17 14:00:00,Tank_A,35.966138621173734,0
2024-12-17 15:00:00,Tank_A,26.547103914527202,0
2024-12-17 16:00:00,Tank_C,77.68549658779295,0
2024-12-17 17:00:00,Tank_B,61.28058256935638,0
2024-12-17 18:00:00,Tank_A,80.9910321239082,0
2024-12-17 19:00:00,Tank_A,66.65987613155409,0
2024-12-17 20:00:00,Tank_C,74.13959281982636,0
2024-12-17 21:00:00,Tank_C,57.73703448370082,0
2024-12-17 22:00:00,Tank_A,69.91656273255504,0
2024-12-17 23:00:00,Tank_C,68.91544300228384,0
2024-12-18 00:00:00,Tank_C,35.146266815033016,0
2024-12-18 01:00:00,Tank_B,73.78219450413877,0
2024-12-18 02:00:00,Tank_C,98.40286177951305,0
2024-12-18 03:00:00,Tank_C,12.797609454674086,0
2024-12-18 04:00:00,Tank_A,68.8546886502613,0
2024-12-18 05:00:00,Tank_A,26.30058724204381,0
2024-12-18 06:00:00,Tank_C,62.71645343227222,1
2024-12-18 07:00:00,Tank_C,50.50126219592487,0
2024-12-18 08:00:00,Tank_B,83.81573546825665,1
2024-12-18 09:00:00,Tank_C,66.54483402132739,1
2024-12-18 10:00:00,Tank_C,36.94356111478184,0
2024-12-18 11:00:00,Tank_A,30.161194891193297,0
2024-12-18 12:00:00,Tank_A,59.002599442997116,0
2024-12-18 13:00:00,Tank_C,43.44467941183923,0
2024-12-18 14:00:00,Tank_B,30.27343558882315,0
2024-12-18 15:00:00,Tank_B,85.66568450521059,0
2024-12-18 16:00:00,Tank_A,27.692915812169986,0
2024-12-18 17:00:00,Tank_A,42.982786321242365,1
2024-12-18 18:00:00,Tank_A,86.7066226153229,0
2024-12-18 19:00:00,Tank_C,13.884318394623232,0
2024-12-18 20:00:00,Tank_B,91.28999799464282,0
2024-12-18 21:00:00,Tank_C,21.78835236851652,0
2024-12-18 22:00:00,Tank_C,99.49708296063555,0
2024-12-18 23:00:00,Tank_B,37.19823395179226,0
2024-12-19 00:00:00,Tank_B,40.406165369422126,0
2024-12-19 01:00:00,Tank_A,18.497528423338224,0
2024-12-19 02:00:00,Tank_C,57.962584814529855,0
2024-12-19 03:00:00,Tank_C,74.55110231679882,0
2024-12-19 04:00:00,Tank_B,47.89719058880349,0
2024-12-19 05:00:00,Tank_C,12.559883634555584,0
2024-12-19 06:00:00,Tank_A,88.0648175286893,0
2024-12-19 07:00:00,Tank_B,23.97439027176084,1
2024-12-19 08:00:00,Tank_C,60.70776235048606,0
2024-12-19 09:00:00,Tank_C,98.63368838341664,0
2024-12-19 10:00:00,Tank_C,89.77847041117441,0
2024-12-19 11:00:00,Tank_B,60.53634970586515,0
2024-12-19 12:00:00,Tank_B,25.527453254562836,0
2024-12-19 13:00:00,Tank_A,58.92216563294965,0
2024-12-19 14:00:00,Tank_A,82.61813795632625,0
2024-12-19 15:00:00,Tank_B,45.61941667427538,0
2024-12-19 16:00:00,Tank_B,16.980449959775513,0
2024-12-19 17:00:00,Tank_B,14.696541170604847,0
2024-12-19 18:00:00,Tank_A,77.44130288130614,0
2024-12-19 19:00:00,Tank_C,71.57326805171999,0
2024-12-19 20:00:00,Tank_A,83.38921792925957,0
2024-12-19 21:00:00,Tank_C,43.995599133437906,0
2024-12-19 22:00:00,Tank_C,50.96860279447298,0
2024-12-19 23:00:00,Tank_C,60.791576367188036,0
2024-12-20 00:00:00,Tank_C,54.090609731736166,0
2024-12-20 01:00:00,Tank_B,41.6567490548552,0
2024-12-20 02:00:00,Tank_B,90.93969328577656,0
2024-12-20 03:00:00,Tank_B,55.20665275592482,0
2024-12-20 04:00:00,Tank_A,29.467843066727223,0
2024-12-20 05:00:00,Tank_A,50.35149342679827,0
2024-12-20 06:00:00,Tank_C,57.76541651065378,0
2024-12-20 07:00:00,Tank_A,36.75906617238407,0
2024-12-20 08:00:00,Tank_C,51.945569732070524,0
2024-12-20 09:00:00,Tank_A,99.7820902418161,0
2024-12-20 10:00:00,Tank_B,56.492696813200105,0
2024-12-20 11:00:00,Tank_A,67.37400629948161,0
2024-12-20 12:00:00,Tank_C,36.02893943634146,0
2024-12-20 13:00:00,Tank_A,31.884787980836663,0
2024-12-20 14:00:00,Tank_A,70.99822641054627,0
2024-12-20 15:00:00,Tank_A,94.77319225549145,0
2024-12-20 16:00:00,Tank_C,70.772811682196,0
2024-12-20 17:00:00,Tank_C,89.50755072645727,0
2024-12-20 18:00:00,Tank_B,50.457358514344214,0
2024-12-20 19:00:00,Tank_A,99.44017526182989,0
2024-12-20 20:00:00,Tank_C,85.31806607818133,0
2024-12-20 21:00:00,Tank_C,70.65863687065794,0
2024-12-20 22:00:00,Tank_C,27.900329746408318,0
2024-12-20 23:00:00,Tank_A,23.19304606779308,0
2024-12-21 00:00:00,Tank_A,43.574923810686116,0
2024-12-21 01:00:00,Tank_B,43.90679235855911,0
2024-12-21 02:00:00,Tank_C,30.86163574558579,0
2024-12-21 03:00:00,Tank_A,97.69056447147258,0
2024-12-21 04:00:00,Tank_B,69.78133820062723,1
2024-12-21 05:00:00,Tank_C,69.07712491494505,0
2024-12-21 06:00:00,Tank_A,85.67082481375215,0
2024-12-21 07:00:00,Tank_A,62.841508112171454,0
2024-12-21 08:00:00,Tank_B,59.62427327702849,0
2024-12-21 09:00:00,Tank_B,22.11146227139479,0
2024-12-21 10:00:00,Tank_A,29.44012201642833,0
2024-12-21 11:00:00,Tank_A,13.167809058382254,0
2024-12-21 12:00:00,Tank_B,52.47135551697376,0
2024-12-21 13:00:00,Tank_A,23.18999533441707,0
2024-12-21 14:00:00,Tank_A,70.877870312791,0
2024-12-21 15:00:00,Tank_C,77.36369322561254,0
2024-12-21 16:00:00,Tank_B,80.14976652032405,1
2024-12-21 17:00:00,Tank_A,23.365293060088412,0
2024-12-21 18:00:00,Tank_B,88.08695274211995,0
2024-12-21 19:00:00,Tank_C,27.20590577426123,0
2024-12-21 20:00:00,Tank_B,36.82634494610855,0
2024-12-21 21:00:00,Tank_C,73.78510355688869,0
2024-12-21 22:00:00,Tank_A,60.519902863829984,0
2024-12-21 23:00:00,Tank_B,82.21018351055658,1
2024-12-22 00:00:00,Tank_A,49.93016532375028,0
2024-12-22 01:00:00,Tank_A,62.22852955322591,0
2024-12-22 02:00:00,Tank_C,11.259432890568036,0
2024-12-22 03:00:00,Tank_C,54.7358436635597,0
2024-12-22 04:00:00,Tank_B,88.25713781963036,0
2024-12-22 05:00:00,Tank_B,37.869057189669846,0
2024-12-22 06:00:00,Tank_B,31.16736216689968,0
2024-12-22 07:00:00,Tank_A,85.20398350386583,0
2024-12-22 08:00:00,Tank_A,70.33511194456668,0
2024-12-22 09:00:00,Tank_B,54.28377386144604,0
2024-12-22 10:00:00,Tank_C,28.815710118121626,0
2024-12-22 11:00:00,Tank_C,74.03487074711498,0
2024-12-22 12:00:00,Tank_A,73.56841024141721,0
2024-12-22 13:00:00,Tank_A,41.75205305810665,0
2024-12-22 14:00:00,Tank_C,30.34030931688794,0
2024-12-22 15:00:00,Tank_B,27.39415703357295,1
2024-12-22 16:00:00,Tank_A,62.561184986420216,0
2024-12-22 17:00:00,Tank_C,10.521593671524647,0
2024-12-22 18:00:00,Tank_C,94.22588433353492,0
2024-12-22 19:00:00,Tank_C,21.031845063400702,0
2024-12-22 20:00:00,Tank_B,31.21657992878023,0
2024-12-22 21:00:00,Tank_A,19.325357371834876,0
2024-12-22 22:00:00,Tank_B,20.418923307780076,1
2024-12-22 23:00:00,Tank_C,88.60261277618862,0
2024-12-23 00:00:00,Tank_B,42.03563574764776,1
2024-12-23 01:00:00,Tank_C,96.05891898924062,0
2024-12-23 02:00:00,Tank_B,20.781150807232986,0
2024-12-23 03:00:00,Tank_B,78.65826139684407,0
2024-12-23 04:00:00,Tank_A,75.78047460058029,0
2024-12-23 05:00:00,Tank_A,70.09567057797483,0
2024-12-23 06:00:00,Tank_C,49.76529058263716,0
2024-12-23 07:00:00,Tank_B,85.52040617207918,0
2024-12-23 08:00:00,Tank_B,91.10335790198604,0
2024-12-23 09:00:00,Tank_B,50.702634480430866,0
2024-12-23 10:00:00,Tank_B,54.59624593063099,0
2024-12-23 11:00:00,Tank_A,88.35907921665707,0
2024-12-23 12:00:00,Tank_C,78.67890836027559,0
2024-12-23 13:00:00,Tank_C,93.42610752756042,0
2024-12-23 14:00:00,Tank_B,90.18408671143564,0
2024-12-23 15:00:00,Tank_A,43.53892109286929,0
2024-12-23 16:00:00,Tank_A,57.03897535313223,0
2024-12-23 17:00:00,Tank_A,67.06531094451371,0
2024-12-23 18:00:00,Tank_A,38.75020720377,0
2024-12-23 19:00:00,Tank_A,21.58572429321527,0
2024-12-23 20:00:00,Tank_A,86.34673932721422,1
2024-12-23 21:00:00,Tank_A,36.74165291791421,0
2024-12-23 22:00:00,Tank_A,58.38397863656685,0
2024-12-23 23:00:00,Tank_A,28.26032349948611,0
2024-12-24 00:00:00,Tank_B,65.40487493563415,0
2024-12-24 01:00:00,Tank_B,62.16215328445148,0
2024-12-24 02:00:00,Tank_C,78.01437854990246,0
2024-12-24 03:00:00,Tank_C,23.814912229520253,0
2024-12-24 04:00:00,Tank_C,95.05304202856607,0
2024-12-24 05:00:00,Tank_B,65.83164640706137,0
2024-12-24 06:00:00,Tank_B,50.96893371392649,0
2024-12-24 07:00:00,Tank_C,63.09314887510938,1
2024-12-24 08:00:00,Tank_A,27.59751384188014,0
2024-12-24 09:00:00,Tank_B,95.3197018561283,0
2024-12-24 10:00:00,Tank_C,86.06736287487783,0
2024-12-24 11:00:00,Tank_A,51.975587254548344,0
2024-12-24 12:00:00,Tank_A,77.5034954866268,0
2024-12-24 13:00:00,Tank_C,28.363452481708748,1
2024-12-24 14:00:00,Tank_C,14.688627546227249,0
2024-12-24 15:00:00,Tank_B,55.1966924932802,0
2024-12-24 16:00:00,Tank_A,81.87139041615083,0
2024-12-24 17:00:00,Tank_A,67.86863007165464,1
2024-12-24 18:00:00,Tank_B,50.49172473888921,0
2024-12-24 19:00:00,Tank_B,21.726090001799726,0
2024-12-24 20:00:00,Tank_B,86.27750404329161,0
2024-12-24 21:00:00,Tank_C,12.276892612110858,0
2024-12-24 22:00:00,Tank_B,38.364157168264995,0
2024-12-24 23:00:00,Tank_B,39.63065743476004,1
2024-12-25 00:00:00,Tank_C,64.95065627920656,0
2024-12-25 01:00:00,Tank_B,42.25554468035392,0
2024-12-25 02:00:00,Tank_A,36.8399438218991,0
2024-12-25 03:00:00,Tank_B,79.43463087152038,0
2024-12-25 04:00:00,Tank_B,88.04473450710601,0
2024-12-25 05:00:00,Tank_B,17.111384602374812,0
2024-12-25 06:00:00,Tank_A,47.15082305660081,0
2024-12-25 07:00:00,Tank_A,49.91742890294904,0
2024-12-25 08:00:00,Tank_C,43.244047673611924,0
2024-12-25 09:00:00,Tank_C,18.824955218635772,0
2024-12-25 10:00:00,Tank_C,23.392078307463386,0
2024-12-25 11:00:00,Tank_A,51.35050831055476,0
2024-12-25 12:00:00,Tank_A,85.30456893992104,0
2024-12-25 13:00:00,Tank_B,25.00446346031336,0
2024-12-25 14:00:00,Tank_B,11.827299919684906,0
2024-12-25 15:00:00,Tank_A,96.6257341296311,0
2024-12-25 16:00:00,Tank_A,98.8247960624987,1
2024-12-25 17:00:00,Tank_C,59.026268371079546,0
2024-12-25 18:00:00,Tank_C,82.68294269995047,0
2024-12-25 19:00:00,Tank_C,86.159541672981,0
2024-12-25 20:00:00,Tank_A,71.67444970193691,0
2024-12-25 21:00:00,Tank_A,26.257449682984955,1
2024-12-25 22:00:00,Tank_A,81.06669583411659,0
2024-12-25 23:00:00,Tank_B,54.26821167795015,0
2024-12-26 00:00:00,Tank_A,28.92482795361581,0
2024-12-26 01:00:00,Tank_C,70.41801959590234,0
2024-12-26 02:00:00,Tank_C,47.90115308936744,0
2024-12-26 03:00:00,Tank_A,21.879252621521456,0
2024-12-26 04:00:00,Tank_C,66.563875446976,0
2024-12-26 05:00:00,Tank_A,55.60263559605281,0
2024-12-26 06:00:00,Tank_A,31.42240392535108,0
2024-12-26 07:00:00,Tank_C,52.92546168512486,0
2024-12-26 08:00:00,Tank_A,45.77188691009211,0
2024-12-26 09:00:00,Tank_C,99.26568546965555,0
2024-12-26 10:00:00,Tank_A,92.52755632775387,0
2024-12-26 11:00:00,Tank_B,11.54670212249427,0
2024-12-26 12:00:00,Tank_A,93.71692827039169,0
2024-12-26 13:00:00,Tank_A,76.79605116610018,0
2024-12-26 14:00:00,Tank_C,12.144153938588014,0
2024-12-26 15:00:00,Tank_C,12.577777518476879,0
2024-12-26 16:00:00,Tank_A,72.84468479890941,0
2024-12-26 17:00:00,Tank_A,26.26325986999568,0
2024-12-26 18:00:00,Tank_B,35.336716159660014,0
2024-12-26 19:00:00,Tank_A,75.51980801618126,0
2024-12-26 20:00:00,Tank_C,54.94273711939684,0
2024-12-26 21:00:00,Tank_C,78.45930147442414,0
2024-12-26 22:00:00,Tank_A,74.32085710771479,0
2024-12-26 23:00:00,Tank_C,29.81027159767602,0
2024-12-27 00:00:00,Tank_B,27.07257428493368,0
2024-12-27 01:00:00,Tank_A,71.14623042394234,0
2024-12-27 02:00:00,Tank_A,13.97221811987943,0
2024-12-27 03:00:00,Tank_A,84.83910921817974,0
2024-12-27 04:00:00,Tank_B,30.025922807698567,0
2024-12-27 05:00:00,Tank_A,80.16311159832154,0
2024-12-27 06:00:00,Tank_B,92.77169329962173,0
2024-12-27 07:00:00,Tank_C,45.867991986105736,0
2024-12-27 08:00:00,Tank_A,38.572154708809244,0
2024-12-27 09:00:00,Tank_C,73.0955411194602,0
2024-12-27 10:00:00,Tank_C,90.05549038580578,0
2024-12-27 11:00:00,Tank_B,84.87479102890464,1
2024-12-27 12:00:00,Tank_B,12.80289342636614,0
2024-12-27 13:00:00,Tank_C,83.66209463754569,0
2024-12-27 14:00:00,Tank_A,74.10257190104325,0
2024-12-27 15:00:00,Tank_A,86.1543367878105,0
2024-12-27 16:00:00,Tank_C,76.82657202894794,0
2024-12-27 17:00:00,Tank_C,30.345518460934777,0
2024-12-27 18:00:00,Tank_A,29.495082710334678,0
2024-12-27 19:00:00,Tank_A,70.33774175208234,0
2024-12-27 20:00:00,Tank_A,13.847176114727015,0
2024-12-27 21:00:00,Tank_A,86.11059065294478,0
2024-12-27 22:00:00,Tank_C,39.70868307495871,0
2024-12-27 23:00:00,Tank_A,99.12870932004343,0
2024-12-28 00:00:00,Tank_C,87.4387015285735,0
2024-12-28 01:00:00,Tank_A,35.53582075705664,0
2024-12-28 02:00:00,Tank_B,95.5954054118986,0
2024-12-28 03:00:00,Tank_A,57.459932108247756,0
2024-12-28 04:00:00,Tank_C,26.07545684357077,0
2024-12-28 05:00:00,Tank_C,93.70482617322159,0
2024-12-28 06:00:00,Tank_C,66.33118195448829,0
2024-12-28 07:00:00,Tank_B,57.5825741509303,0
2024-12-28 08:00:00,Tank_B,40.78691510511598,0
2024-12-28 09:00:00,Tank_C,23.625654180349095,0
2024-12-28 10:00:00,Tank_A,96.25183864682323,0
2024-12-28 11:00:00,Tank_B,70.4830976865286,1
2024-12-28 12:00:00,Tank_C,79.79474605880984,0
2024-12-28 13:00:00,Tank_A,26.113017232583395,0
2024-12-28 14:00:00,Tank_B,27.574771694124763,0
2024-12-28 15:00:00,Tank_B,60.11938833026242,0
2024-12-28 16:00:00,Tank_B,87.53434418642092,0
2024-12-28 17:00:00,Tank_A,30.528546776330664,1
2024-12-28 18:00:00,Tank_C,62.675276738379345,0
2024-12-28 19:00:00,Tank_B,52.162703155802724,0
2024-12-28 20:00:00,Tank_C,59.58238190164126,0
2024-12-28 21:00:00,Tank_A,89.93849729157941,0
2024-12-28 22:00:00,Tank_B,54.879850992894745,0
2024-12-28 23:00:00,Tank_B,86.09409636944811,0
2024-12-29 00:00:00,Tank_A,65.16525970100545,0
2024-12-29 01:00:00,Tank_C,55.47790057359349,0
2024-12-29 02:00:00,Tank_C,21.741067071170505,0
2024-12-29 03:00:00,Tank_A,49.17474441721382,0
2024-12-29 04:00:00,Tank_A,78.3515106509436,1
2024-12-29 05:00:00,Tank_A,28.819642959625835,0
2024-12-29 06:00:00,Tank_B,87.43655444369105,0
2024-12-29 07:00:00,Tank_A,52.6028985777253,0
2024-12-29 08:00:00,Tank_C,97.70049855786871,0
2024-12-29 09:00:00,Tank_B,33.81514798864582,0
2024-12-29 10:00:00,Tank_C,96.01604159550863,0
2024-12-29 11:00:00,Tank_A,86.77680799711891,0
2024-12-29 12:00:00,Tank_C,33.57151960240572,0
2024-12-29 13:00:00,Tank_A,92.19114374122715,0
2024-12-29 14:00:00,Tank_C,36.43145288529763,0
2024-12-29 15:00:00,Tank_C,60.77239007892708,0
2024-12-29 16:00:00,Tank_B,52.943479010675986,0
2024-12-29 17:00:00,Tank_A,48.04549696869404,0
2024-12-29 18:00:00,Tank_C,99.03348684358265,0
2024-12-29 19:00:00,Tank_C,87.76181692103444,0
2024-12-29 20:00:00,Tank_B,73.07430973522061,0
2024-12-29 21:00:00,Tank_B,77.94400072013183,0
2024-12-29 22:00:00,Tank_A,20.766732007649175,0
2024-12-29 23:00:00,Tank_A,14.218645226287714,0
2024-12-30 00:00:00,Tank_A,57.78678890927279,1
2024-12-30 01:00:00,Tank_B,80.2603115050419,0
2024-12-30 02:00:00,Tank_A,62.931832760724156,0
2024-12-30 03:00:00,Tank_C,70.6274209935655,0
2024-12-30 04:00:00,Tank_C,68.8201154590684,0
2024-12-30 05:00:00,Tank_A,61.179009729845404,0
2024-12-30 06:00:00,Tank_B,67.40801233898915,0
2024-12-30 07:00:00,Tank_C,81.70546649878236,1
2024-12-30 08:00:00,Tank_C,95.50251337545427,0
2024-12-30 09:00:00,Tank_A,82.949474532029,0
2024-12-30 10:00:00,Tank_A,47.28705987935587,0
2024-12-30 11:00:00,Tank_A,85.78130014698316,0
2024-12-30 12:00:00,Tank_C,27.905299929603697,0
2024-12-30 13:00:00,Tank_C,69.89894765962177,0
2024-12-30 14:00:00,Tank_C,52.160441711054055,0
2024-12-30 15:00:00,Tank_C,12.163950082023465,0
2024-12-30 16:00:00,Tank_A,81.93335829547864,0
2024-12-30 17:00:00,Tank_B,98.05426274608885,0
2024-12-30 18:00:00,Tank_B,82.55577568184277,0
2024-12-30 19:00:00,Tank_A,28.969268989232926,0
2024-12-30 20:00:00,Tank_B,42.979461035075694,0
2024-12-30 21:00:00,Tank_C,31.729058376925817,0
2024-12-30 22:00:00,Tank_C,61.0382867210859,0
2024-12-30 23:00:00,Tank_A,92.8373690167209,0
2024-12-31 00:00:00,Tank_A,61.545660771251185,0
2024-12-31 01:00:00,Tank_B,86.4174750982173,0
2024-12-31 02:00:00,Tank_C,76.9176048115726,0
2024-12-31 03:00:00,Tank_C,37.63339950975882,0
2024-12-31 04:00:00,Tank_A,33.671933758644926,0
2024-12-31 05:00:00,Tank_A,24.748651084120752,0
2024-12-31 06:00:00,Tank_A,76.90744449199171,0
2024-12-31 07:00:00,Tank_B,26.91358519568175,0
2024-12-31 08:00:00,Tank_A,76.83065732586051,0
2024-12-31 09:00:00,Tank_C,86.84810206995394,0
2024-12-31 10:00:00,Tank_A,31.147996062578677,0
2024-12-31 11:00:00,Tank_C,83.52790775746013,0
2024-12-31 12:00:00,Tank_B,68.69295839659729,0
2024-12-31 13:00:00,Tank_C,29.27095859493839,0
2024-12-31 14:00:00,Tank_B,44.12854294504664,0
2024-12-31 15:00:00,Tank_C,47.40959003977358,0
2024-12-31 16:00:00,Tank_A,43.430609001920196,0
2024-12-31 17:00:00,Tank_A,52.78151833879315,0
2024-12-31 18:00:00,Tank_A,27.09621735605018,0
2024-12-31 19:00:00,Tank_B,34.44064188776853,0
2024-12-31 20:00:00,Tank_B,57.29023671860827,0
2024-12-31 21:00:00,Tank_C,76.67034378146057,0
2024-12-31 22:00:00,Tank_C,91.88419754038385,0
2024-12-31 23:00:00,Tank_B,20.579352614719195,0
2025-01-01 00:00:00,Tank_A,76.5771589168401,0
2025-01-01 01:00:00,Tank_C,19.653657898530135,0
2025-01-01 02:00:00,Tank_A,71.17113529268121,0
2025-01-01 03:00:00,Tank_B,56.60519075241576,0
2025-01-01 04:00:00,Tank_A,18.688316475091085,0
2025-01-01 05:00:00,Tank_B,21.11060241953315,0
2025-01-01 06:00:00,Tank_C,46.71614937123021,0
2025-01-01 07:00:00,Tank_B,49.12789270414791,0
2025-01-01 08:00:00,Tank_A,40.39952862490297,0
2025-01-01 09:00:00,Tank_B,97.62375189225357,0
2025-01-01 10:00:00,Tank_C,93.0442002795155,0
2025-01-01 11:00:00,Tank_C,49.44255182184,0
2025-01-01 12:00:00,Tank_A,68.79543986866776,0
2025-01-01 13:00:00,Tank_A,44.48633960543606,0
2025-01-01 14:00:00,Tank_C,27.61110314928043,0
2025-01-01 15:00:00,Tank_B,18.628683956652484,0
2025-01-01 16:00:00,Tank_B,91.62154936575975,0
2025-01-01 17:00:00,Tank_C,67.82364763341761,0
2025-01-01 18:00:00,Tank_C,16.92442204699659,0
2025-01-01 19:00:00,Tank_A,46.43062374020489,0
2025-01-01 20:00:00,Tank_A,83.06557148648443,0
2025-01-01 21:00:00,Tank_C,51.07512385082817,0
2025-01-01 22:00:00,Tank_A,79.1463384395608,0
2025-01-01 23:00:00,Tank_B,44.52374110846705,0
2025-01-02 00:00:00,Tank_A,65.11899576709833,0
2025-01-02 01:00:00,Tank_C,11.327413470021012,0
2025-01-02 02:00:00,Tank_B,94.10883077657599,0
2025-01-02 03:00:00,Tank_B,85.47933084803195,0
2025-01-02 04:00:00,Tank_B,36.352023214128266,0
2025-01-02 05:00:00,Tank_C,71.92353744617166,0
2025-01-02 06:00:00,Tank_C,94.0142863649416,0
2025-01-02 07:00:00,Tank_B,55.74849737056106,1
2025-01-02 08:00:00,Tank_C,28.272626820951263,0
2025-01-02 09:00:00,Tank_A,70.99697873890153,0
2025-01-02 10:00:00,Tank_A,62.47450757696381,0
2025-01-02 11:00:00,Tank_A,18.313232038903827,0
2025-01-02 12:00:00,Tank_C,20.07980638180492,0
2025-01-02 13:00:00,Tank_A,93.47829223071707,0
2025-01-02 14:00:00,Tank_C,62.37181915955906,0
2025-01-02 15:00:00,Tank_C,13.606515954805003,0
2025-01-02 16:00:00,Tank_C,76.07200770427134,0
2025-01-02 17:00:00,Tank_C,30.38502288582598,0
2025-01-02 18:00:00,Tank_A,61.389958867482065,0
2025-01-02 19:00:00,Tank_C,29.85001484424344,0
2025-01-02 20:00:00,Tank_C,39.879377208090276,0
2025-01-02 21:00:00,Tank_C,75.83795271479245,0
2025-01-02 22:00:00,Tank_A,77.84353303405452,0
2025-01-02 23:00:00,Tank_A,74.76680681962358,0
2025-01-03 00:00:00,Tank_B,85.687466600674,0
2025-01-03 01:00:00,Tank_B,86.00324518617124,0
2025-01-03 02:00:00,Tank_C,35.33336508296819,0
2025-01-03 03:00:00,Tank_B,13.223624295462898,0
2025-01-03 04:00:00,Tank_C,55.14695656041866,0
2025-01-03 05:00:00,Tank_B,92.53177611044765,0
2025-01-03 06:00:00,Tank_A,44.7633347588561,0
2025-01-03 07:00:00,Tank_A,14.268408986748412,0
2025-01-03 08:00:00,Tank_B,23.782417743558316,0
2025-01-03 09:00:00,Tank_C,52.479845557694794,0
2025-01-03 10:00:00,Tank_C,35.56092006652398,0
2025-01-03 11:00:00,Tank_C,56.9535241055729,0
2025-01-03 12:00:00,Tank_B,24.02864195257495,0
2025-01-03 13:00:00,Tank_C,12.836169703998657,0
2025-01-03 14:00:00,Tank_B,26.36550279826506,0
2025-01-03 15:00:00,Tank_C,51.221886633707555,0
2025-01-03 16:00:00,Tank_A,79.28604013513907,0
2025-01-03 17:00:00,Tank_C,81.66963791763283,0
2025-01-03 18:00:00,Tank_B,19.437022333902192,0
2025-01-03 19:00:00,Tank_B,28.717725230560433,0
2025-01-03 20:00:00,Tank_C,18.391631369367843,0
2025-01-03 21:00:00,Tank_B,59.551283722026334,0
2025-01-03 22:00:00,Tank_C,54.943171411540106,0
2025-01-03 23:00:00,Tank_C,56.58937442849006,0
2025-01-04 00:00:00,Tank_B,14.743939992330422,0
2025-01-04 01:00:00,Tank_C,61.50442645153597,0
2025-01-04 02:00:00,Tank_A,98.85706259434824,0
2025-01-04 03:00:00,Tank_B,71.96421059294826,0
2025-01-04 04:00:00,Tank_A,35.53457604955598,0
2025-01-04 05:00:00,Tank_C,96.38982126324889,1
2025-01-04 06:00:00,Tank_A,84.2284920971789,0
2025-01-04 07:00:00,Tank_C,39.22595190946042,0
2025-01-04 08:00:00,Tank_A,37.484001926109556,0
2025-01-04 09:00:00,Tank_C,73.2364137939575,0
2025-01-04 10:00:00,Tank_A,51.56279066708341,0
2025-01-04 11:00:00,Tank_B,99.22888118670562,0
2025-01-04 12:00:00,Tank_B,52.86686842473901,0
2025-01-04 13:00:00,Tank_A,52.45992712564809,0
2025-01-04 14:00:00,Tank_A,93.08466252123182,0
2025-01-04 15:00:00,Tank_B,51.52851190999587,0
2025-01-04 16:00:00,Tank_B,31.221080738494035,0
2025-01-04 17:00:00,Tank_C,50.863355540997496,0
2025-01-04 18:00:00,Tank_A,17.688361752109003,0
2025-01-04 19:00:00,Tank_A,43.329508646639155,0
2025-01-04 20:00:00,Tank_C,42.057766166593986,0
2025-01-04 21:00:00,Tank_A,39.719618480922065,0
2025-01-04 22:00:00,Tank_B,20.457668176983532,0
2025-01-04 23:00:00,Tank_B,82.516193595402,0
2025-01-05 00:00:00,Tank_A,44.46689642354717,0
2025-01-05 01:00:00,Tank_A,73.89014481125277,0
2025-01-05 02:00:00,Tank_A,63.12401955047427,0
2025-01-05 03:00:00,Tank_C,66.33437019852157,0
2025-01-05 04:00:00,Tank_B,54.10356434928158,0
2025-01-05 05:00:00,Tank_C,18.16149216550356,0
2025-01-05 06:00:00,Tank_B,29.026575463625814,0
2025-01-05 07:00:00,Tank_A,76.37915945202349,0
2025-01-05 08:00:00,Tank_A,84.98904335088353,0
2025-01-05 09:00:00,Tank_A,24.265604256627874,0
2025-01-05 10:00:00,Tank_B,16.474946303389995,0
2025-01-05 11:00:00,Tank_A,99.39426615977857,0
2025-01-05 12:00:00,Tank_C,69.46678873250305,0
2025-01-05 13:00:00,Tank_A,68.05150529661253,0
2025-01-05 14:00:00,Tank_C,63.879121231062506,0
2025-01-05 15:00:00,Tank_A,33.423593854734804,0
2025-01-05 16:00:00,Tank_B,13.395087426169344,0
2025-01-05 17:00:00,Tank_C,43.88240371988375,0
2025-01-05 18:00:00,Tank_C,14.802178882487407,0
2025-01-05 19:00:00,Tank_B,49.9701972158615,0
2025-01-05 20:00:00,Tank_A,13.149658635873717,0
2025-01-05 21:00:00,Tank_A,84.70625745336862,1
2025-01-05 22:00:00,Tank_C,15.767308297795573,0
2025-01-05 23:00:00,Tank_C,91.29161991184195,0
2025-01-06 00:00:00,Tank_A,14.764104814760145,0
2025-01-06 01:00:00,Tank_B,98.00382779820751,0
2025-01-06 02:00:00,Tank_A,17.966572845239742,0
2025-01-06 03:00:00,Tank_B,44.61192806593591,0
2025-01-06 04:00:00,Tank_A,90.98610810076649,0
2025-01-06 05:00:00,Tank_C,21.3074019040158,0
2025-01-06 06:00:00,Tank_C,75.17967598466016,0
2025-01-06 07:00:00,Tank_C,29.925156765543242,0
2025-01-06 08:00:00,Tank_C,91.88262818064261,0
2025-01-06 09:00:00,Tank_B,17.066255773080492,0
2025-01-06 10:00:00,Tank_B,69.56935497846773,1
2025-01-06 11:00:00,Tank_B,23.678146681253544,0
2025-01-06 12:00:00,Tank_B,55.307646206738355,0
2025-01-06 13:00:00,Tank_C,25.729050871341954,0
2025-01-06 14:00:00,Tank_A,23.691768896828172,0
2025-01-06 15:00:00,Tank_B,17.05441014547671,0
2025-01-06 16:00:00,Tank_A,13.304273304185475,0
2025-01-06 17:00:00,Tank_B,73.9968363075461,0
2025-01-06 18:00:00,Tank_A,42.064855559434655,0
2025-01-06 19:00:00,Tank_A,68.18131451600553,0
2025-01-06 20:00:00,Tank_B,78.03673040887396,0
2025-01-06 21:00:00,Tank_B,43.94506671689041,0
2025-01-06 22:00:00,Tank_B,55.5449974869784,0
2025-01-06 23:00:00,Tank_A,22.62620167081308,0
2025-01-07 00:00:00,Tank_B,36.2696985662232,0
2025-01-07 01:00:00,Tank_C,85.80181791517346,0
2025-01-07 02:00:00,Tank_B,44.052966692815005,0
2025-01-07 03:00:00,Tank_B,10.64414443735385,1
2025-01-07 04:00:00,Tank_C,42.99987722814096,0
2025-01-07 05:00:00,Tank_A,46.542143433521495,0
2025-01-07 06:00:00,Tank_C,40.29190535750146,0
2025-01-07 07:00:00,Tank_A,88.55110178409193,0
2025-01-07 08:00:00,Tank_B,14.70700598386982,0
2025-01-07 09:00:00,Tank_A,40.803173453184016,0
2025-01-07 10:00:00,Tank_C,61.196803876417825,0
2025-01-07 11:00:00,Tank_A,44.24113166926495,0
2025-01-07 12:00:00,Tank_A,83.61367482025878,0
2025-01-07 13:00:00,Tank_B,53.2507134562275,0
2025-01-07 14:00:00,Tank_A,45.78554978468538,0
2025-01-07 15:00:00,Tank_A,25.64496517760077,0
2025-01-07 16:00:00,Tank_A,61.05275217920744,0
2025-01-07 17:00:00,Tank_C,54.12823035981747,0
2025-01-07 18:00:00,Tank_C,67.35726133059558,0
2025-01-07 19:00:00,Tank_C,60.04913176568208,0
2025-01-07 20:00:00,Tank_C,85.47196308401074,0
2025-01-07 21:00:00,Tank_A,72.22361810729737,1
2025-01-07 22:00:00,Tank_B,85.88761878048724,0
2025-01-07 23:00:00,Tank_A,83.04883332241468,0
2025-01-08 00:00:00,Tank_B,57.228436583745854,0
2025-01-08 01:00:00,Tank_A,55.39979454517323,0
2025-01-08 02:00:00,Tank_C,13.730417236920688,0
2025-01-08 03:00:00,Tank_A,99.551643228113,0
2025-01-08 04:00:00,Tank_B,80.33442671201749,0
2025-01-08 05:00:00,Tank_C,48.91781439939486,0
2025-01-08 06:00:00,Tank_C,56.545197502134144,0
2025-01-08 07:00:00,Tank_B,34.2307420851979,0
2025-01-08 08:00:00,Tank_C,64.23993401888237,0
2025-01-08 09:00:00,Tank_A,38.939172693676305,0
2025-01-08 10:00:00,Tank_A,60.769669358467354,0
2025-01-08 11:00:00,Tank_C,72.44129032529588,0
2025-01-08 12:00:00,Tank_B,38.788028514191566,0
2025-01-08 13:00:00,Tank_B,57.3818209730373,0
2025-01-08 14:00:00,Tank_A,26.41514719696725,0
2025-01-08 15:00:00,Tank_B,60.33857871790135,0
2025-01-08 16:00:00,Tank_C,67.62830597758492,0
2025-01-08 17:00:00,Tank_B,74.54958154812478,0
2025-01-08 18:00:00,Tank_B,65.36950575865032,0
2025-01-08 19:00:00,Tank_A,19.106033672625042,0
2025-01-08 20:00:00,Tank_A,71.56435900143222,0
2025-01-08 21:00:00,Tank_C,74.39295898572428,0
2025-01-08 22:00:00,Tank_A,73.8895140931144,0
2025-01-08 23:00:00,Tank_C,96.16849372274336,1
2025-01-09 00:00:00,Tank_A,29.227603366506717,0
2025-01-09 01:00:00,Tank_A,26.688938854482082,0
2025-01-09 02:00:00,Tank_B,46.755468803946364,1
2025-01-09 03:00:00,Tank_B,95.65484499325477,0
2025-01-09 04:00:00,Tank_B,52.77022741241811,0
2025-01-09 05:00:00,Tank_A,89.66916181591691,0
2025-01-09 06:00:00,Tank_B,86.28912611833692,0
2025-01-09 07:00:00,Tank_C,88.3730832912395,0
2025-01-09 08:00:00,Tank_A,67.38307047270322,0
2025-01-09 09:00:00,Tank_B,49.04828148424142,0
2025-01-09 10:00:00,Tank_B,59.93112224529403,0
2025-01-09 11:00:00,Tank_B,78.60546885330297,0
2025-01-09 12:00:00,Tank_C,19.198693144195797,0
2025-01-09 13:00:00,Tank_A,59.79218401226041,0
2025-01-09 14:00:00,Tank_B,22.17856667011167,0
2025-01-09 15:00:00,Tank_B,53.49841390809769,1
2025-01-09 16:00:00,Tank_A,49.925658986199174,0
2025-01-09 17:00:00,Tank_B,60.308447988023,0
2025-01-09 18:00:00,Tank_A,98.98498170243491,1
2025-01-09 19:00:00,Tank_A,84.27494499990038,0
2025-01-09 20:00:00,Tank_C,50.52230610584383,0
2025-01-09 21:00:00,Tank_C,66.31282020161983,0
2025-01-09 22:00:00,Tank_A,57.46693894911918,0
2025-01-09 23:00:00,Tank_C,33.18467028845642,0
2025-01-10 00:00:00,Tank_A,60.608794684227554,0
2025-01-10 01:00:00,Tank_B,92.4867036267136,0
2025-01-10 02:00:00,Tank_A,72.16730664961936,0
2025-01-10 03:00:00,Tank_C,43.76563573448814,0
2025-01-10 04:00:00,Tank_B,82.15530885701408,0
2025-01-10 05:00:00,Tank_A,90.90449353130661,0
2025-01-10 06:00:00,Tank_B,81.9123083741378,0
2025-01-10 07:00:00,Tank_C,99.8249481294744,0
2025-01-10 08:00:00,Tank_A,90.15546758566356,0
2025-01-10 09:00:00,Tank_A,62.45063766396552,0
2025-01-10 10:00:00,Tank_A,80.25826209429383,0
2025-01-10 11:00:00,Tank_C,55.05435011865417,0
2025-01-10 12:00:00,Tank_C,41.10465933910126,0
2025-01-10 13:00:00,Tank_B,54.53290380838389,0
2025-01-10 14:00:00,Tank_C,34.47545673823759,0
2025-01-10 15:00:00,Tank_A,66.6012953380834,0
2025-01-10 16:00:00,Tank_B,31.966180270813695,0
2025-01-10 17:00:00,Tank_B,34.282132102350914,0
2025-01-10 18:00:00,Tank_A,45.290162642001775,0
2025-01-10 19:00:00,Tank_C,86.42339717420171,0
2025-01-10 20:00:00,Tank_B,19.573277679531184,0
2025-01-10 21:00:00,Tank_B,89.33921742098606,0
2025-01-10 22:00:00,Tank_C,22.996523506350847,0
2025-01-10 23:00:00,Tank_C,33.22082644134875,0
2025-01-11 00:00:00,Tank_A,87.08737176560203,0
2025-01-11 01:00:00,Tank_B,95.65722973754573,0
2025-01-11 02:00:00,Tank_A,77.02999295592484,0
2025-01-11 03:00:00,Tank_C,32.75925601836821,0
2025-01-11 04:00:00,Tank_C,13.388722230371082,0
2025-01-11 05:00:00,Tank_B,77.71912395929768,0
2025-01-11 06:00:00,Tank_A,69.29924147456637,0
2025-01-11 07:00:00,Tank_B,41.666169391049635,0
2025-01-11 08:00:00,Tank_B,84.02409972512072,0
2025-01-11 09:00:00,Tank_B,97.16869650014432,0
2025-01-11 10:00:00,Tank_B,14.755178118452424,0
2025-01-11 11:00:00,Tank_B,17.418021862113125,0
2025-01-11 12:00:00,Tank_A,77.40294705064665,0
2025-01-11 13:00:00,Tank_C,26.629441356158758,0
2025-01-11 14:00:00,Tank_C,62.732452132734366,0
2025-01-11 15:00:00,Tank_B,29.526544405650522,0
