Timestamp,Device_ID,Data_Packet_Size_KB,Latency_ms,Packet_Loss_Percentage
2024-12-01 00:00:00,Device_B,27.77790990164468,160.58550407784986,3.338145495911279
2024-12-01 01:00:00,Device_C,5.229574019118264,86.19244979449957,0.9185973890996596
2024-12-01 02:00:00,Device_B,32.51586285994754,365.5879480377598,0.23979114182432204
2024-12-01 03:00:00,Device_A,36.856149591038275,400.29255581784,0.24903308177439243
2024-12-01 04:00:00,Device_A,5.665361530054886,424.7499613809394,2.6308734503145796
2024-12-01 05:00:00,Device_C,16.810433466123932,30.162434445586147,0.47955196125041677
2024-12-01 06:00:00,Device_A,39.22605086608762,38.535210338836215,2.6361199554176373
2024-12-01 07:00:00,Device_B,6.652362777234163,359.42542235307667,1.2142064890325632
2024-12-01 08:00:00,Device_B,11.588137906867855,469.26714930148256,0.412381261299149
2024-12-01 09:00:00,Device_B,38.43358409579064,382.02152956496184,3.459477503123027
2024-12-01 10:00:00,Device_B,13.110699378606693,16.787570342689627,3.544424034611682
2024-12-01 11:00:00,Device_A,19.81094750950031,255.38223503536912,1.0760880448597343
2024-12-01 12:00:00,Device_B,29.560755387102937,389.0811145994209,2.6544711295923866
2024-12-01 13:00:00,Device_C,39.18618281722998,259.62689587528365,1.0355395674748906
2024-12-01 14:00:00,Device_A,45.075290774927836,212.10419048336476,1.4068878113863974
2024-12-01 15:00:00,Device_B,6.127140776563716,15.906983270077902,1.1846262716509508
2024-12-01 16:00:00,Device_C,16.773905349554457,145.1271222682295,4.683229755366803
2024-12-01 17:00:00,Device_B,23.49852122762377,441.9686321017465,4.756416697230145
2024-12-01 18:00:00,Device_A,43.53032506601517,149.87496064018254,1.666193023817038
2024-12-01 19:00:00,Device_C,30.80874298174141,258.99925013723475,4.002061650143326
2024-12-01 20:00:00,Device_A,26.379202800857396,478.9756851912963,0.4315909148073027
2024-12-01 21:00:00,Device_C,16.499320145190968,25.852853126154297,0.7581955564407455
2024-12-01 22:00:00,Device_A,5.161533149689761,31.764788390512713,2.7790342371910737
2024-12-01 23:00:00,Device_C,21.13035343250792,166.57156155989523,4.9592568456010575
2024-12-02 00:00:00,Device_A,40.98684368701343,298.75820707234436,2.3104864289262776
2024-12-02 01:00:00,Device_B,10.791668501291309,458.1794164821639,3.812779892047255
2024-12-02 02:00:00,Device_C,13.673330794151298,47.579420235530854,2.384765489375904
2024-12-02 03:00:00,Device_A,19.95924148935171,291.5868651569688,0.7323059894833878
2024-12-02 04:00:00,Device_A,7.022150337332966,307.1087629101723,2.0916660253056527
2024-12-02 05:00:00,Device_A,26.1348091758951,71.15860807884519,4.057364029849759
2024-12-02 06:00:00,Device_B,32.64244068551628,493.79741149161634,3.5129493446356848
2024-12-02 07:00:00,Device_A,48.2287939678886,323.8167477199693,2.343584542447441
2024-12-02 08:00:00,Device_C,28.97918201954744,148.1525486921466,1.5490112655567667
2024-12-02 09:00:00,Device_A,37.62883375074229,187.03802889975424,4.425173715054171
2024-12-02 10:00:00,Device_C,4.982599555264853,99.24286130767473,0.6008242996656366
2024-12-02 11:00:00,Device_C,45.68130031833608,244.46281795611998,4.220526730808666
2024-12-02 12:00:00,Device_B,18.31556273110756,322.33693184923334,2.658508392056027
2024-12-02 13:00:00,Device_A,46.83041249944207,261.0051971592359,1.5265828795390712
2024-12-02 14:00:00,Device_A,42.927902578548014,96.05194149177052,2.5528669953137664
2024-12-02 15:00:00,Device_C,21.400439660273186,308.5787822351574,2.3570900250020825
2024-12-02 16:00:00,Device_C,23.464178535651982,362.96037248862257,4.6642005581519195
2024-12-02 17:00:00,Device_C,40.75409849640681,494.9498495397669,0.12244145261515349
2024-12-02 18:00:00,Device_B,12.152494140854635,448.0768629001832,2.359967454046677
2024-12-02 19:00:00,Device_C,40.52093920992325,441.8561370151155,4.231673685330594
2024-12-02 20:00:00,Device_B,1.8507426532710607,286.44961825254325,1.7264321330019188
2024-12-02 21:00:00,Device_A,3.9684602803174487,397.27446347766016,3.7632355277473826
2024-12-02 22:00:00,Device_B,47.636653161346345,190.7546695142589,3.005627631026621
2024-12-02 23:00:00,Device_B,4.2921305618497865,152.24957540451825,1.5196769766094693
2024-12-03 00:00:00,Device_B,10.065693874946783,263.2915625138178,1.6978487617508602
2024-12-03 01:00:00,Device_B,35.24849719430176,185.16141486834888,0.19250118092615287
2024-12-03 02:00:00,Device_C,5.850886194187462,63.62656432731238,2.0073259874654226
2024-12-03 03:00:00,Device_C,30.68349847087134,320.3212611669333,3.1029575443689
2024-12-03 04:00:00,Device_A,45.696143691653674,271.7562327418438,3.2381097751461567
2024-12-03 05:00:00,Device_C,24.41384166074629,336.6569437358001,4.410314621511987
2024-12-03 06:00:00,Device_A,43.12208991279013,139.38812185175792,0.1535478633168741
2024-12-03 07:00:00,Device_B,6.678105609359355,338.4825729452662,0.8299157639500648
2024-12-03 08:00:00,Device_B,21.064320751499952,406.8906989958136,4.83273340424922
2024-12-03 09:00:00,Device_B,21.991472840769354,492.03231682814277,2.0732711540141846
2024-12-03 10:00:00,Device_A,43.41144917230834,463.9334791165751,1.183339123813567
2024-12-03 11:00:00,Device_A,5.1630666106791345,47.38509320967791,1.423118134013689
2024-12-03 12:00:00,Device_A,3.1781096052603566,21.869329786414404,1.2139566365593268
2024-12-03 13:00:00,Device_B,43.23567392965022,371.1452509319562,2.8734744721578847
2024-12-03 14:00:00,Device_B,2.054837345105656,102.34710689581306,0.7942368830366547
2024-12-03 15:00:00,Device_C,33.86710964600988,70.51256140119568,1.1597497513736388
2024-12-03 16:00:00,Device_A,1.9256936860749043,304.5665482940016,1.3616282439567673
2024-12-03 17:00:00,Device_A,32.37775560834457,129.2638345541857,3.180132800455753
2024-12-03 18:00:00,Device_B,14.425740044381307,290.4237840184311,3.585457826322233
2024-12-03 19:00:00,Device_A,33.707280345617754,155.49251331211084,3.6732709710210982
2024-12-03 20:00:00,Device_A,8.382733972732641,487.97877054745186,0.8022115235098759
2024-12-03 21:00:00,Device_B,48.786385988463564,39.94964721157932,3.320925374324001
2024-12-03 22:00:00,Device_A,39.66555183900372,241.41897168198588,2.3552585515507807
2024-12-03 23:00:00,Device_A,37.80290466872978,443.4021393336198,0.7160093682010171
2024-12-04 00:00:00,Device_A,23.289542649684915,166.20189811420016,1.1775191828615932
2024-12-04 01:00:00,Device_B,14.286312178882712,452.0308071986398,4.130329099655187
2024-12-04 02:00:00,Device_B,46.05574721464316,155.75962046081426,3.721104486075582
2024-12-04 03:00:00,Device_C,47.122122851503654,401.0782899168542,0.8220557424123026
2024-12-04 04:00:00,Device_C,49.86263654639139,396.1414210957467,2.303558414692951
2024-12-04 05:00:00,Device_A,8.100389518703079,409.7074095519592,0.9126979981073852
2024-12-04 06:00:00,Device_B,6.787067917379094,412.731092936816,1.5988237423758522
2024-12-04 07:00:00,Device_B,49.21479868888809,23.511209776749723,4.178881488529737
2024-12-04 08:00:00,Device_C,41.48395196837066,271.11604879467967,3.05924338992763
2024-12-04 09:00:00,Device_A,8.919851704595793,280.92324498076056,0.7472194423446432
2024-12-04 10:00:00,Device_C,23.308311160399622,344.66037065565115,4.47541407339827
2024-12-04 11:00:00,Device_C,46.850809224711476,340.77486846373006,3.0990483607713193
2024-12-04 12:00:00,Device_A,12.887840580385308,38.08547251405203,1.0175528804339695
2024-12-04 13:00:00,Device_C,45.930844440409125,193.12523268090624,4.914796747501997
2024-12-04 14:00:00,Device_B,19.890219805247526,462.8237267068974,3.650227146129596
2024-12-04 15:00:00,Device_C,47.66392187199636,19.515939151692194,4.209504622602999
2024-12-04 16:00:00,Device_C,27.245112671057914,327.77397130305883,0.9610148656394052
2024-12-04 17:00:00,Device_C,22.871537855828272,324.85725372601485,2.5347007754491155
2024-12-04 18:00:00,Device_A,37.24237621417864,200.54796514180057,0.20434121095832203
2024-12-04 19:00:00,Device_C,43.38024377745014,491.7312720236836,1.7909488223099808
2024-12-04 20:00:00,Device_A,21.592346524390884,268.27759206938106,3.243534230752717
2024-12-04 21:00:00,Device_A,2.4962421787257796,395.9083080783836,2.2933109225299253
2024-12-04 22:00:00,Device_A,21.70587316888777,225.2347868082988,0.2179571891316745
2024-12-04 23:00:00,Device_A,21.011238581180304,251.66501359140295,3.8763457529616434
2024-12-05 00:00:00,Device_B,18.40300316381734,170.44478755863827,1.6167560493679138
2024-12-05 01:00:00,Device_C,5.383017821494794,324.6055868430365,0.8992753527717773
2024-12-05 02:00:00,Device_A,43.62250998790679,51.26079094552384,4.669140171869497
2024-12-05 03:00:00,Device_C,27.583394699360234,258.7489355413506,4.761990106000362
2024-12-05 04:00:00,Device_A,34.79830023423366,121.46864782655922,2.3407807226934345
2024-12-05 05:00:00,Device_A,34.80885049819253,126.03581094134891,3.6134246285049603
2024-12-05 06:00:00,Device_B,44.20458822526685,158.12897000643216,3.8109949142645068
2024-12-05 07:00:00,Device_C,9.814196329980591,242.81315859241084,4.912794307606855
2024-12-05 08:00:00,Device_B,9.605581553158443,257.50024034915134,3.4568355770046484
2024-12-05 09:00:00,Device_B,36.4482864179135,264.30983710781396,3.5917795333079927
2024-12-05 10:00:00,Device_B,35.026890610057855,215.4700722005477,1.5491089591959701
2024-12-05 11:00:00,Device_A,49.596831256730944,417.20861220711765,1.7280212530484007
2024-12-05 12:00:00,Device_A,41.64058418739367,171.77934861847322,2.4672833260608744
2024-12-05 13:00:00,Device_A,19.011271154863618,186.1915467971,1.3742746926630278
2024-12-05 14:00:00,Device_B,35.422222513886695,426.345395279203,2.3601103288396836
2024-12-05 15:00:00,Device_C,47.876891987380574,334.3666417173241,4.9283072699458295
2024-12-05 16:00:00,Device_C,22.361295804248808,269.80762860873045,0.40539911992404587
2024-12-05 17:00:00,Device_A,14.88865320921222,149.81305569682218,3.7699227398935835
2024-12-05 18:00:00,Device_B,38.84408667544027,448.65502827349883,2.603108399155321
2024-12-05 19:00:00,Device_A,47.84195632346992,45.31384724342726,3.9882870658087533
2024-12-05 20:00:00,Device_B,42.33206929214436,370.9778775527867,1.0101445338404864
2024-12-05 21:00:00,Device_B,9.995031911797533,287.94065971951,4.069485388396837
2024-12-05 22:00:00,Device_C,9.146836763279111,12.365254345860329,3.4096289085986147
2024-12-05 23:00:00,Device_C,14.208398565806032,378.46642398038705,0.32177115887014995
2024-12-06 00:00:00,Device_C,36.06706535133332,27.792405419779996,4.16748300424452
2024-12-06 01:00:00,Device_B,22.04257908174153,472.8187667713143,1.3407484501501121
2024-12-06 02:00:00,Device_C,7.526508585536271,13.171412868625023,3.0543035641522165
2024-12-06 03:00:00,Device_B,7.095205899145736,450.32462839232824,2.886748651791114
2024-12-06 04:00:00,Device_B,39.96944493352221,155.88641038710614,1.155184534356279
2024-12-06 05:00:00,Device_A,49.012083738122776,126.52104809670213,0.08035605776277932
2024-12-06 06:00:00,Device_A,30.292975746902606,467.40358757077587,0.8427498335267025
2024-12-06 07:00:00,Device_B,32.296101506993,302.3826738000209,1.3004094371686814
2024-12-06 08:00:00,Device_A,25.862818249732776,180.42867709206587,2.313243660357966
2024-12-06 09:00:00,Device_C,11.808560753465805,191.76122898360637,1.7204924577776204
2024-12-06 10:00:00,Device_C,4.976814580147774,137.42761411565633,1.2781506374370788
2024-12-06 11:00:00,Device_C,37.14285372480448,319.10077374100695,0.2889979988465019
2024-12-06 12:00:00,Device_C,21.782351287846694,288.21353093864974,1.7971042379395525
2024-12-06 13:00:00,Device_A,17.97646961188978,171.0703764982366,4.697178241737069
2024-12-06 14:00:00,Device_B,19.119178034011167,208.056022564063,4.353177462981909
2024-12-06 15:00:00,Device_C,10.645462401031452,232.65646473246198,1.7601665368833936
2024-12-06 16:00:00,Device_C,7.817088164594343,454.49687030631674,1.9500672494113465
2024-12-06 17:00:00,Device_C,7.225185282400304,367.6822980653719,3.88440966563906
2024-12-06 18:00:00,Device_A,32.28017566306603,199.28475256248947,1.3897518311797903
2024-12-06 19:00:00,Device_C,40.6267460721719,243.6624292251264,0.6523239551981419
2024-12-06 20:00:00,Device_C,8.606344497958375,322.5323653409638,0.410842537733489
2024-12-06 21:00:00,Device_C,43.86504245806197,24.127337650101104,3.2386918333636867
2024-12-06 22:00:00,Device_B,18.404550595795563,117.26902545249649,4.997637429002309
2024-12-06 23:00:00,Device_A,19.45809157613718,220.7092448258234,2.5007106347677768
2024-12-07 00:00:00,Device_C,9.197361121754284,305.7508894277729,0.5811629872974622
2024-12-07 01:00:00,Device_C,18.55814221418248,495.3838279316947,3.2831703954406115
2024-12-07 02:00:00,Device_B,47.72079886124263,462.23208437067086,2.5858226623889546
2024-12-07 03:00:00,Device_B,7.767751203314995,186.97297897952816,0.37041828850345626
2024-12-07 04:00:00,Device_C,28.83537948949691,91.31332045005307,4.769859507411333
2024-12-07 05:00:00,Device_B,13.640037651181165,15.84517794575521,2.678602658228713
2024-12-07 06:00:00,Device_A,8.684019299169044,41.639882132367646,1.1439593483989037
2024-12-07 07:00:00,Device_C,47.341308255194114,477.19311497260145,2.5930811074724347
2024-12-07 08:00:00,Device_C,19.032915141197925,491.1819309935577,2.674820955301759
2024-12-07 09:00:00,Device_B,14.698114718365618,277.29838971749143,4.025601810031687
2024-12-07 10:00:00,Device_B,8.232033553640758,446.7034321650125,2.081811709999049
2024-12-07 11:00:00,Device_B,43.07744012501608,311.9908347717209,4.326675482640701
2024-12-07 12:00:00,Device_C,44.157838329872355,233.04826719604372,0.5209400676302356
2024-12-07 13:00:00,Device_C,3.473964579682311,74.50715244666043,3.7728032567804908
2024-12-07 14:00:00,Device_C,6.391988967601721,158.8229207548872,1.9297265354445496
2024-12-07 15:00:00,Device_C,26.669110200821972,74.71934296108738,1.9943577050434036
2024-12-07 16:00:00,Device_A,9.659684679305693,75.76660964626691,4.6836245948360276
2024-12-07 17:00:00,Device_B,11.646106397376329,29.51906162260235,1.6449420559826078
2024-12-07 18:00:00,Device_B,9.830657663066903,312.8185117537983,2.0443825622913487
2024-12-07 19:00:00,Device_C,28.537854954149438,218.69394528302445,3.6246680348256093
2024-12-07 20:00:00,Device_C,22.381066626393075,381.7626498793071,2.350582318539563
2024-12-07 21:00:00,Device_B,16.335559508798752,170.1254625523212,1.0518885910218534
2024-12-07 22:00:00,Device_A,46.549956426106064,421.3214759043073,2.8043752337217747
2024-12-07 23:00:00,Device_B,47.13934811419301,142.66870826479143,1.2432795004442543
2024-12-08 00:00:00,Device_B,34.33384856988239,125.90520947574731,1.1921079940198864
2024-12-08 01:00:00,Device_A,9.030795786713998,76.26914097762267,2.0984695815272314
2024-12-08 02:00:00,Device_C,15.042633181621259,384.8860664503611,0.2092659703931854
2024-12-08 03:00:00,Device_B,24.73075231208244,376.97101751141514,3.1207338899576387
2024-12-08 04:00:00,Device_C,37.449038718884275,428.14269243707037,3.865261670858598
2024-12-08 05:00:00,Device_A,29.071761633500707,475.2043254413573,0.9861950496445865
2024-12-08 06:00:00,Device_C,46.42446442027353,342.36796828410166,4.3319470944674965
2024-12-08 07:00:00,Device_A,17.688171559729984,345.57094242282443,3.2989681681102874
2024-12-08 08:00:00,Device_B,26.6044939959379,481.71006501960096,0.7450118987629395
2024-12-08 09:00:00,Device_C,20.595531062656157,227.63948294518752,3.0380183304694452
2024-12-08 10:00:00,Device_C,45.879220045346216,358.33871077433673,0.8412174853267784
2024-12-08 11:00:00,Device_C,30.835354243365614,80.1837003194902,1.7544988593549937
2024-12-08 12:00:00,Device_A,21.98250042599245,161.09223743634377,1.814197529252829
2024-12-08 13:00:00,Device_B,44.98682487111168,497.711337770914,0.24154872443726383
2024-12-08 14:00:00,Device_C,36.62323986210203,473.02099004271525,4.918773080830666
2024-12-08 15:00:00,Device_C,7.389601931846554,228.18995771291185,3.6847546832072893
2024-12-08 16:00:00,Device_C,13.939706518853601,131.58696427761856,2.5042727742284336
2024-12-08 17:00:00,Device_A,22.761461300486346,440.36880853433433,2.528713991204099
2024-12-08 18:00:00,Device_C,33.46071383695071,118.9199944750178,1.7564212636406036
2024-12-08 19:00:00,Device_C,34.623698771560456,474.98742177762205,1.431997280980057
2024-12-08 20:00:00,Device_B,7.8831430824265185,30.067140264283676,4.827207953311819
2024-12-08 21:00:00,Device_C,41.524714719418604,58.20812924014568,3.230891035198327
2024-12-08 22:00:00,Device_A,40.09741004072291,340.041492683875,2.786275536443141
2024-12-08 23:00:00,Device_A,1.8501867442800075,493.96810244979724,2.0805287820960627
2024-12-09 00:00:00,Device_A,9.920859644264123,376.9745925891709,4.057488625634605
2024-12-09 01:00:00,Device_B,45.54948934179743,185.0413385861166,3.690547414439825
2024-12-09 02:00:00,Device_C,33.32625595510666,164.8732572902844,2.5170399179129124
2024-12-09 03:00:00,Device_A,32.74899177143136,368.0312569604175,1.5050703716833973
2024-12-09 04:00:00,Device_B,16.17550937713945,264.81779197527834,1.0880117025236276
2024-12-09 05:00:00,Device_A,9.928837043088755,205.2611808770498,0.5036876617077296
2024-12-09 06:00:00,Device_C,29.49982703872482,231.23573005920488,2.47687767746772
2024-12-09 07:00:00,Device_B,19.66314269932726,72.58202980181599,1.927588915903193
2024-12-09 08:00:00,Device_C,45.79706955953985,273.63257754844085,0.05676969126195197
2024-12-09 09:00:00,Device_A,38.37259802273553,123.59099436982982,4.73251333188338
2024-12-09 10:00:00,Device_B,10.460344959020007,73.22430799998426,4.362812974862412
2024-12-09 11:00:00,Device_B,48.766944204753266,174.91437032685522,2.8897478496940803
2024-12-09 12:00:00,Device_C,41.567729227136276,297.2374555207994,3.8891958789654026
2024-12-09 13:00:00,Device_A,13.67839205035779,243.64352965574338,1.8231003675641244
2024-12-09 14:00:00,Device_C,6.177292297080398,53.40312335368002,1.7749218095759667
2024-12-09 15:00:00,Device_C,14.472675967396452,305.36998271065914,1.1177485299975092
2024-12-09 16:00:00,Device_B,21.188084507499106,55.52583780993163,3.6452871882649296
2024-12-09 17:00:00,Device_B,11.804530606545388,433.1757741204906,0.029239446518390944
2024-12-09 18:00:00,Device_B,13.083329967930915,163.22198547978266,2.8195071838863046
2024-12-09 19:00:00,Device_C,7.134601695241804,232.31216459728338,3.430916006103373
2024-12-09 20:00:00,Device_B,36.88167104762695,328.91894358002116,0.7566665827309121
2024-12-09 21:00:00,Device_A,18.91749575717145,319.0831845319254,1.7441491489015375
2024-12-09 22:00:00,Device_C,8.979968732713884,55.75450507066609,3.8061585448911095
2024-12-09 23:00:00,Device_A,27.201329126849902,359.23207322998365,1.4575243183252478
2024-12-10 00:00:00,Device_C,13.282766121605455,132.45689903906654,4.7584822212245435
2024-12-10 01:00:00,Device_B,37.40266110820801,397.92815441138885,3.865677589610072
2024-12-10 02:00:00,Device_C,4.059390661993061,361.987698384736,4.40261578246134
2024-12-10 03:00:00,Device_B,8.806594299621715,37.146516174329875,2.1336698859485876
2024-12-10 04:00:00,Device_B,46.668304191712835,80.13089644761747,0.7622906119954836
2024-12-10 05:00:00,Device_B,24.047015285897686,61.48457675529109,4.060173445112095
2024-12-10 06:00:00,Device_B,24.17789478545874,250.41185991287009,3.8999773322413707
2024-12-10 07:00:00,Device_C,29.437740324616556,35.40809082169142,2.5796266775472727
2024-12-10 08:00:00,Device_B,16.994526823725902,152.2271028211586,3.372616208377292
2024-12-10 09:00:00,Device_B,46.72244034175083,48.669426241253525,2.0998815418586494
2024-12-10 10:00:00,Device_A,31.12657861359654,256.4049333652649,4.119351586759784
2024-12-10 11:00:00,Device_C,7.070192563339114,56.28657622792779,2.9661304514985396
2024-12-10 12:00:00,Device_B,7.359453567796272,53.732487910334974,1.1875700570068322
2024-12-10 13:00:00,Device_B,27.57816446611527,377.85247324583986,4.078300494674276
2024-12-10 14:00:00,Device_B,12.349477503404668,420.32580674821594,0.5056134523679839
2024-12-10 15:00:00,Device_A,18.134421458251417,244.237211859571,1.8498051052149505
2024-12-10 16:00:00,Device_A,2.1055734235148784,36.121573883746905,4.404189741328445
2024-12-10 17:00:00,Device_A,28.37736263100106,64.5860295023349,1.0293857200370922
2024-12-10 18:00:00,Device_B,19.06953367970096,167.11207197613115,3.8468153374503005
2024-12-10 19:00:00,Device_A,47.40618539366755,135.03016589281998,2.976253249990812
2024-12-10 20:00:00,Device_C,20.797446034956632,458.86442647185885,1.752740405878318
2024-12-10 21:00:00,Device_B,38.28217799669432,371.43447385976765,0.6105146753203006
2024-12-10 22:00:00,Device_B,1.0244597055956552,146.28940099921712,3.341071240039692
2024-12-10 23:00:00,Device_A,25.27087094998199,495.01561729805513,4.223549336029518
2024-12-11 00:00:00,Device_C,8.093518061744312,66.91072777862999,4.539268509858061
2024-12-11 01:00:00,Device_A,42.82886812076257,257.5333128446988,3.9670756064081303
2024-12-11 02:00:00,Device_A,14.647076641013701,357.0298008672133,4.814797622439183
2024-12-11 03:00:00,Device_A,43.100245354631774,472.9512344874495,0.4498400385596274
2024-12-11 04:00:00,Device_C,2.9493587638975605,142.99349326165108,3.5776231599107557
2024-12-11 05:00:00,Device_B,36.34112751415407,151.1901499579406,3.289391112351679
2024-12-11 06:00:00,Device_C,5.9461790543849276,341.4405644386243,0.947961611787943
2024-12-11 07:00:00,Device_C,42.6178229005711,268.8273216992293,3.162827603207961
2024-12-11 08:00:00,Device_C,48.61660650207775,10.143100745272193,3.7579964457635877
2024-12-11 09:00:00,Device_C,42.691821801267714,311.89425190922816,3.0635959009410385
2024-12-11 10:00:00,Device_B,46.745206805918365,467.38393737710254,1.5867232637856525
2024-12-11 11:00:00,Device_C,39.96502922106082,278.2270248626651,1.7041267935826643
2024-12-11 12:00:00,Device_C,44.24104243782689,344.0097596732589,4.036621669151156
2024-12-11 13:00:00,Device_A,37.1535177647133,63.103603708263336,0.2807850558961694
2024-12-11 14:00:00,Device_B,45.20003650399116,13.995152372234212,1.7518691991513795
2024-12-11 15:00:00,Device_A,49.35621495743536,87.86213227550446,1.028945166076839
2024-12-11 16:00:00,Device_C,7.47485625562839,176.98618717011942,3.070014949920097
2024-12-11 17:00:00,Device_A,1.558359337629708,142.0457183932601,4.713466413340043
2024-12-11 18:00:00,Device_C,27.997719549210803,293.782659001743,3.438986197809969
2024-12-11 19:00:00,Device_B,22.01318797299083,203.77525959827355,2.225092981480671
2024-12-11 20:00:00,Device_B,38.75224193888738,48.29618885316734,2.422805622535012
2024-12-11 21:00:00,Device_A,29.88269937105133,387.2111949032468,2.4979500945886635
2024-12-11 22:00:00,Device_C,32.45029263953832,413.1771582176889,4.452159175176849
2024-12-11 23:00:00,Device_B,34.61960067289993,496.4734759782545,0.893502809946603
2024-12-12 00:00:00,Device_C,31.13910736655055,233.33846224230032,0.8443465688024282
2024-12-12 01:00:00,Device_A,44.28096944458903,105.0053620728282,0.988139906813616
2024-12-12 02:00:00,Device_B,47.48188463968099,412.3987943876957,4.929094645652398
2024-12-12 03:00:00,Device_C,1.055916225350921,74.33176578808786,4.750921359207463
2024-12-12 04:00:00,Device_C,9.899106194269933,405.72810134847526,1.4802559393994867
2024-12-12 05:00:00,Device_C,40.326529793109,48.74867438558082,0.8535816034114896
2024-12-12 06:00:00,Device_B,28.976426815784443,336.5286324847824,0.8126553464663278
2024-12-12 07:00:00,Device_C,11.475864355399406,201.68423446838995,0.14156618276851163
2024-12-12 08:00:00,Device_C,6.595373087934449,314.02912368989405,0.5578526118063354
2024-12-12 09:00:00,Device_A,46.015211645054194,143.4995156252001,2.8855702510932386
2024-12-12 10:00:00,Device_B,24.216453302755145,50.247754972986705,0.9270781184182963
2024-12-12 11:00:00,Device_A,40.44073289107151,74.13857912100323,4.376010831899344
2024-12-12 12:00:00,Device_C,21.29647719360425,374.84434617122747,3.2104887733843186
2024-12-12 13:00:00,Device_B,48.584577832099264,301.50563168059807,2.719657989843491
2024-12-12 14:00:00,Device_C,27.44130857376662,138.6463682219577,4.27420413111376
2024-12-12 15:00:00,Device_C,45.136171092025215,245.65211041704586,1.2785731216659046
2024-12-12 16:00:00,Device_B,45.444001596696,383.113022829304,1.6406198489859491
2024-12-12 17:00:00,Device_C,5.4157641087836454,210.21426507858004,1.2340704489702947
2024-12-12 18:00:00,Device_B,25.366216805562555,149.45719833453427,3.2162048360587887
2024-12-12 19:00:00,Device_C,35.515232191268154,52.987904341825704,1.7174075528221022
2024-12-12 20:00:00,Device_C,44.1428902107487,440.5446365110724,4.004429284549883
2024-12-12 21:00:00,Device_B,27.954629618658206,222.14100233437853,0.4515966181230835
2024-12-12 22:00:00,Device_C,17.25930301801085,184.51351909883354,4.668657347224649
2024-12-12 23:00:00,Device_C,32.207727657223714,499.99822567263556,2.181662275205059
2024-12-13 00:00:00,Device_C,22.442061998610725,283.66014278070435,4.948953203746279
2024-12-13 01:00:00,Device_A,28.107054054092643,220.08505430236983,0.3149217615812977
2024-12-13 02:00:00,Device_B,10.595918772583703,35.99413097607324,3.301612655448296
2024-12-13 03:00:00,Device_B,13.58551216513271,426.2273040717392,1.995505583553148
2024-12-13 04:00:00,Device_A,41.704185024314704,218.1841000993705,1.9423244075051698
2024-12-13 05:00:00,Device_C,8.182300450876573,69.89235914460525,3.9559202767885626
2024-12-13 06:00:00,Device_B,32.866559285271414,138.76224250242683,3.0827873504526404
2024-12-13 07:00:00,Device_B,24.24237504368674,313.5228899004774,3.425000164780434
2024-12-13 08:00:00,Device_B,46.727986156970346,71.65808230521661,2.1038975220181455
2024-12-13 09:00:00,Device_B,41.89904540424098,222.23583111309412,2.70296763629403
2024-12-13 10:00:00,Device_B,31.901949911303678,185.03463482851717,4.329351058781078
2024-12-13 11:00:00,Device_B,2.921083028183294,396.464678692738,3.9094742710069545
2024-12-13 12:00:00,Device_B,44.87763398695601,253.36246114537147,3.966634544011475
2024-12-13 13:00:00,Device_B,9.02855853456508,455.94800918422726,0.7333919633502028
2024-12-13 14:00:00,Device_C,28.49880457129975,22.862043412965768,1.017557771756588
2024-12-13 15:00:00,Device_A,46.43860942906557,73.14049987366802,3.5629872316831515
2024-12-13 16:00:00,Device_C,5.947025450744041,428.3562022002494,4.706126831901879
2024-12-13 17:00:00,Device_B,40.508576487876,11.43606137803201,3.0389392136499014
2024-12-13 18:00:00,Device_A,7.958542120743813,152.88280694894442,3.49516265851618
2024-12-13 19:00:00,Device_C,18.764519643477062,115.13475504070087,2.3355869273247354
2024-12-13 20:00:00,Device_C,34.75078289364789,326.30314684317005,3.5387593546519387
2024-12-13 21:00:00,Device_A,3.3558698384287853,47.59642537588149,4.455799234179981
2024-12-13 22:00:00,Device_A,7.187805274253317,216.70924696295668,1.0832524398227021
2024-12-13 23:00:00,Device_B,47.073174404301646,489.2698150206407,3.805814371381439
2024-12-14 00:00:00,Device_B,29.568912541675537,296.96044721827576,0.9101519765088945
2024-12-14 01:00:00,Device_C,19.055553020809338,196.79363704204607,0.9237970362757825
2024-12-14 02:00:00,Device_A,49.3396578591758,32.008954762052554,2.0902020939651704
2024-12-14 03:00:00,Device_C,48.58329697915043,126.30273657314835,2.216240765593777
2024-12-14 04:00:00,Device_C,43.92171517864598,198.4912657750505,0.7326844506105551
2024-12-14 05:00:00,Device_A,5.3330081270230245,134.38732072208666,3.2064962375875523
2024-12-14 06:00:00,Device_C,27.758080542523746,264.0570205701637,4.633757817278748
2024-12-14 07:00:00,Device_B,29.615592819003883,118.30636802868098,0.013546237474845735
2024-12-14 08:00:00,Device_C,21.177653650902702,342.0347066592285,4.117692162576171
2024-12-14 09:00:00,Device_B,42.584948572346,418.6768214486285,0.903625059610918
2024-12-14 10:00:00,Device_A,47.47510464441951,92.82484570677231,3.122647575238944
2024-12-14 11:00:00,Device_C,32.27282193644018,69.6067860151471,1.2249386549430552
2024-12-14 12:00:00,Device_B,16.062409372110174,397.0280882249749,2.1129963676847083
2024-12-14 13:00:00,Device_B,12.587937610108577,414.55252309318246,4.774244729157301
2024-12-14 14:00:00,Device_C,17.074132200436352,197.18105582143664,3.3135850010557935
2024-12-14 15:00:00,Device_B,23.89946950699699,291.11396437217456,0.482898624529291
2024-12-14 16:00:00,Device_A,23.54825986702246,297.7991672134551,3.4295615753378876
2024-12-14 17:00:00,Device_C,30.71399230747259,221.4599137990381,3.7720905928446573
2024-12-14 18:00:00,Device_C,26.310992278053554,20.172408334578094,3.5515068045212312
2024-12-14 19:00:00,Device_C,4.291882086230144,268.56502402296235,0.3954278824096674
2024-12-14 20:00:00,Device_C,26.969045743910645,144.3941587746514,1.5521289885520266
2024-12-14 21:00:00,Device_B,25.797767621982583,414.6591452901132,2.6534857852958997
2024-12-14 22:00:00,Device_B,33.110495777656304,333.6592413994397,4.6254664671602965
2024-12-14 23:00:00,Device_C,17.16115952775148,453.54587038173514,4.250130807166035
2024-12-15 00:00:00,Device_B,30.765300499981937,161.32818383411367,0.2741001669757215
2024-12-15 01:00:00,Device_B,5.523308371209017,283.8154181337315,0.7023718634264631
2024-12-15 02:00:00,Device_A,15.822790034638537,57.11834296676457,3.4031296806974245
2024-12-15 03:00:00,Device_A,18.29827895834365,291.5392714071733,3.4700524598166615
2024-12-15 04:00:00,Device_B,30.798989900894483,107.14942906798188,3.996922918988379
2024-12-15 05:00:00,Device_A,21.11370258347349,451.58062655611576,3.7096491364806923
2024-12-15 06:00:00,Device_A,3.7128620265577332,333.4818101298239,1.0880255966232917
2024-12-15 07:00:00,Device_B,39.335028637979406,458.23525796590957,3.2496311404530025
2024-12-15 08:00:00,Device_C,28.104822486140247,119.54465779017407,1.702782627095557
2024-12-15 09:00:00,Device_C,35.602194700080815,58.94256939859785,2.073512652655255
2024-12-15 10:00:00,Device_A,32.35490174727134,203.54113307263216,4.73141224885103
2024-12-15 11:00:00,Device_B,32.03137505402428,175.60297855493118,0.006623083085969261
2024-12-15 12:00:00,Device_B,35.67627347366068,134.59030508679245,4.003015309069317
2024-12-15 13:00:00,Device_B,44.02543179899946,10.124402772545618,1.7081632612735627
2024-12-15 14:00:00,Device_C,24.211831765975706,280.3527811550494,2.7862865670682324
2024-12-15 15:00:00,Device_B,21.480475102388514,179.51266787537298,3.4164323915218615
2024-12-15 16:00:00,Device_C,18.366326194186385,214.16879783681043,2.6258715330262246
2024-12-15 17:00:00,Device_A,24.53422651578594,200.45781181310005,3.591461687363035
2024-12-15 18:00:00,Device_C,30.4953591442951,248.42873810745084,3.202369432727836
2024-12-15 19:00:00,Device_B,37.497960358131834,245.61633210565066,1.7627863541094428
2024-12-15 20:00:00,Device_B,22.7144957528009,164.26380307834688,0.5671598018812501
2024-12-15 21:00:00,Device_B,36.06643335123026,450.95258439447565,1.7192674858091865
2024-12-15 22:00:00,Device_C,43.82385705321353,33.200946481310396,0.9008907153606571
2024-12-15 23:00:00,Device_B,42.84326340393463,179.04436306914624,3.571579069553204
2024-12-16 00:00:00,Device_A,3.537614383113677,93.72437507795769,4.680231551384234
2024-12-16 01:00:00,Device_B,42.95418859311332,188.88866745297156,1.3587963126534264
2024-12-16 02:00:00,Device_A,37.755125802041405,439.6396589683486,4.751260391484712
2024-12-16 03:00:00,Device_C,25.988820146209292,377.2641154962827,0.5249739493427097
2024-12-16 04:00:00,Device_B,39.8206252631015,305.12046913707354,0.0858149932657204
2024-12-16 05:00:00,Device_A,45.322411666351904,197.78525865573417,3.111141957833473
2024-12-16 06:00:00,Device_B,46.27277151614055,273.3909342235532,1.0571430748064854
2024-12-16 07:00:00,Device_B,5.203193595019757,28.24220870358283,2.470440145891319
2024-12-16 08:00:00,Device_C,45.25993514631257,470.8768812016275,3.48275426973054
2024-12-16 09:00:00,Device_A,45.5873482931027,265.73477993908637,4.331608784323541
2024-12-16 10:00:00,Device_A,14.910032304395003,360.5853105579098,4.400180745687415
2024-12-16 11:00:00,Device_C,31.613551314779563,143.4857825500316,1.9543858322458734
2024-12-16 12:00:00,Device_C,22.846932034837415,336.09446668013595,0.5659662775434199
2024-12-16 13:00:00,Device_C,20.267297086692572,210.9726336803529,4.367243603260221
2024-12-16 14:00:00,Device_A,40.8357244122097,488.3382578649326,3.7495255234497082
2024-12-16 15:00:00,Device_B,29.808209688647764,287.93928852591176,3.613604247500878
2024-12-16 16:00:00,Device_C,19.964772608548593,408.8515123634613,3.281078137510944
2024-12-16 17:00:00,Device_B,9.879539367798676,13.536977255179584,1.8173283770165654
2024-12-16 18:00:00,Device_A,21.26968115062407,236.35520248634816,3.6240119085050804
2024-12-16 19:00:00,Device_B,5.729928213884872,152.43347062175613,0.7624501291841562
2024-12-16 20:00:00,Device_A,29.606664497800182,426.78483174998183,0.2700795591376337
2024-12-16 21:00:00,Device_B,29.625179641129478,263.0070917434249,1.4830437367307798
2024-12-16 22:00:00,Device_B,42.327158604822316,413.37388188433397,0.22163561991825564
2024-12-16 23:00:00,Device_A,41.79489304498548,60.66170048948898,3.8157303462430203
2024-12-17 00:00:00,Device_B,30.93145044534525,479.97851410100486,4.152357486063835
2024-12-17 01:00:00,Device_A,15.551711375251346,124.11737392666565,3.0125307290007033
2024-12-17 02:00:00,Device_C,25.507288888523526,128.32545429733148,3.712657482558221
2024-12-17 03:00:00,Device_A,10.518734113297052,248.38961465376568,0.596921370714073
2024-12-17 04:00:00,Device_B,44.24807512226151,258.44989335292325,1.2782147090934588
2024-12-17 05:00:00,Device_C,48.35785815275012,363.45426837006204,2.0735056641283234
2024-12-17 06:00:00,Device_A,25.28447793324763,427.14935210771915,1.3129663137535723
2024-12-17 07:00:00,Device_C,43.594994523201535,130.8886920980431,2.3911241873948
2024-12-17 08:00:00,Device_B,33.72844805837988,451.6457166887215,2.346677924328986
2024-12-17 09:00:00,Device_B,37.66270649230584,344.0048820776815,3.2660462137339574
2024-12-17 10:00:00,Device_A,24.110483644213186,367.56624013484264,1.5068414599746127
2024-12-17 11:00:00,Device_A,27.05077575567474,28.682582988938382,2.722008420868458
2024-12-17 12:00:00,Device_C,26.487687363437672,26.884111853685432,1.3412960660745898
2024-12-17 13:00:00,Device_C,9.337829157888386,243.91638199771975,4.539366757910744
2024-12-17 14:00:00,Device_C,29.905383178161838,353.61193921521743,1.0878800821834673
2024-12-17 15:00:00,Device_A,45.226362598706665,106.86213110665017,2.160130242503545
2024-12-17 16:00:00,Device_A,30.922778730308302,404.530734847893,2.398431873472683
2024-12-17 17:00:00,Device_A,10.213489511311437,432.14476086623984,2.7026797559969995
2024-12-17 18:00:00,Device_C,1.4897868123176803,493.9270455307461,3.9676305905891853
2024-12-17 19:00:00,Device_C,22.78244288884041,401.30168006763114,0.20385647799381845
2024-12-17 20:00:00,Device_C,4.214314282057938,271.2071702626751,1.0307850439577804
2024-12-17 21:00:00,Device_A,28.7437984335156,326.0406047308159,0.7567567175693324
2024-12-17 22:00:00,Device_B,34.805473417469834,290.5386144481494,2.863704366936301
2024-12-17 23:00:00,Device_A,47.56884427762564,455.8797674554134,0.7457806134400957
2024-12-18 00:00:00,Device_C,33.956529893220186,286.9019536256534,1.0815084446645322
2024-12-18 01:00:00,Device_C,39.324022597286294,138.54169642822347,3.746382106893961
2024-12-18 02:00:00,Device_C,11.04873631081189,178.74614575895808,4.8946151901175075
2024-12-18 03:00:00,Device_A,24.292113176133302,84.3687644259304,1.0846588233917225
2024-12-18 04:00:00,Device_B,18.683200488805014,177.83468077061008,2.5966857811050215
2024-12-18 05:00:00,Device_A,17.96012503198488,271.7968516607468,2.680266005824541
2024-12-18 06:00:00,Device_A,36.11354006427278,26.819631064196734,2.738445704104705
2024-12-18 07:00:00,Device_B,27.605672522365765,396.82636589625275,1.1153432436739474
2024-12-18 08:00:00,Device_C,46.17127535830903,209.20507448958153,1.1658968308809736
2024-12-18 09:00:00,Device_B,47.16297652135975,191.3805612633155,2.2200107298238985
2024-12-18 10:00:00,Device_B,35.20223143232601,491.5970683248106,2.0171819631096204
2024-12-18 11:00:00,Device_B,42.87581077121901,53.75626168799422,4.881871193674304
2024-12-18 12:00:00,Device_C,26.7612702082166,136.92115279521954,3.9159339661808907
2024-12-18 13:00:00,Device_A,44.892933638595764,225.36390957409046,4.521495253804427
2024-12-18 14:00:00,Device_B,25.534155861545965,53.73475032478202,0.7289861636333161
2024-12-18 15:00:00,Device_C,10.094698472398662,38.07188883240852,1.3652871381084875
2024-12-18 16:00:00,Device_B,37.42279528301218,385.4380449395309,1.10470448059942
2024-12-18 17:00:00,Device_C,41.9514901203221,442.2219805419771,3.8563966366186513
2024-12-18 18:00:00,Device_C,47.71684944195429,490.9313624331424,0.3900327123009478
2024-12-18 19:00:00,Device_A,41.180491490333665,371.8780729809739,4.0793673299217525
2024-12-18 20:00:00,Device_A,14.469561442717737,56.09958406400748,4.317883872025661
2024-12-18 21:00:00,Device_A,8.700880279343323,279.31881629360095,4.025134863382091
2024-12-18 22:00:00,Device_A,31.83137070384916,46.51543103089749,3.572950599847824
2024-12-18 23:00:00,Device_A,44.88276898139255,398.6634358733552,4.495845049879218
2024-12-19 00:00:00,Device_B,33.00184507593186,495.34483573572095,0.5420572853439765
2024-12-19 01:00:00,Device_C,19.01310184480958,318.2099583811717,1.6915454266515013
2024-12-19 02:00:00,Device_C,8.939450711069567,368.94357559653236,0.08408051698323038
2024-12-19 03:00:00,Device_C,49.11668632044949,205.39366162569644,0.9316098620335506
2024-12-19 04:00:00,Device_A,29.328045226878682,149.4821910651528,0.9376388289715776
2024-12-19 05:00:00,Device_C,3.0770427164169605,485.66007924536217,0.19514505643081548
2024-12-19 06:00:00,Device_B,37.1274716962059,133.03393678340012,2.390757791166349
2024-12-19 07:00:00,Device_A,6.205452298505171,119.99604805506748,2.1018445384641993
2024-12-19 08:00:00,Device_B,17.362604090357216,249.51820517273225,2.460647269928738
2024-12-19 09:00:00,Device_B,14.627304855208207,170.61379279434132,3.440883288165505
2024-12-19 10:00:00,Device_A,27.52109953541809,181.27168538892812,2.1445394512647438
2024-12-19 11:00:00,Device_B,29.928746139122186,224.0319513811946,3.7996330915280514
2024-12-19 12:00:00,Device_C,12.261822998412836,17.474594022077003,3.4879887858206002
2024-12-19 13:00:00,Device_B,49.72350943948136,435.4465772658992,4.00932592789964
2024-12-19 14:00:00,Device_B,27.559318714520778,234.81017511906578,0.4471617859925664
2024-12-19 15:00:00,Device_A,25.84771324821078,397.19768768838543,4.814202303402184
2024-12-19 16:00:00,Device_B,1.8666891008934425,259.62031109399936,4.5387826806486675
2024-12-19 17:00:00,Device_C,23.70484684594955,206.56896621001226,4.0955186483191515
2024-12-19 18:00:00,Device_A,10.05966725968735,485.5831574173335,3.898447375309913
2024-12-19 19:00:00,Device_A,28.4953247840595,154.92070001534847,4.4407406902589095
2024-12-19 20:00:00,Device_C,18.523155356782894,380.01053672162857,4.9989479720328625
2024-12-19 21:00:00,Device_B,26.954613725719256,93.17034929197642,0.7863751800696456
2024-12-19 22:00:00,Device_A,25.39660659024751,67.50224794275721,3.9821217048286512
2024-12-19 23:00:00,Device_A,17.063131105905278,24.907628088390304,1.7111471498723074
2024-12-20 00:00:00,Device_A,34.26762872349361,314.90023908317863,2.015164887744336
2024-12-20 01:00:00,Device_B,25.14292962979972,315.3988168668197,2.6856107291597926
2024-12-20 02:00:00,Device_B,7.654819542695313,376.85021065184,2.9242272996334275
2024-12-20 03:00:00,Device_B,16.574782721219314,360.71919517432616,0.027323413843300393
2024-12-20 04:00:00,Device_B,27.485230206792163,367.8902468606024,0.06658232678772136
2024-12-20 05:00:00,Device_A,47.04737799963589,103.18936675296932,0.5179792389671162
2024-12-20 06:00:00,Device_A,20.864656557863515,431.55605394428113,2.8690648599999147
2024-12-20 07:00:00,Device_A,27.21035078151681,224.15979978516197,0.011776777302918706
2024-12-20 08:00:00,Device_C,47.89469735214642,269.54980534041647,0.7366211849150062
2024-12-20 09:00:00,Device_C,34.5327923463056,341.4263942331547,2.3770187066254813
2024-12-20 10:00:00,Device_A,35.734379532803224,97.74765477198501,4.942374602063828
2024-12-20 11:00:00,Device_C,32.02824088322201,171.7861279919781,2.5745074206746303
2024-12-20 12:00:00,Device_C,47.32462101955631,406.45336547296034,2.2760076269561482
2024-12-20 13:00:00,Device_B,15.010599408970084,449.2271547480858,3.1241416193934084
2024-12-20 14:00:00,Device_B,36.99322915421105,241.93856679705635,2.0847684991606537
2024-12-20 15:00:00,Device_C,41.81998386382444,229.1350671227854,0.9687957263861502
2024-12-20 16:00:00,Device_A,23.58719136416948,144.60929574406342,3.9658271823720987
2024-12-20 17:00:00,Device_B,2.1464391136363874,359.30556596182345,1.6660052488817956
2024-12-20 18:00:00,Device_C,9.159921156752038,260.8535690092184,0.8174558498267498
2024-12-20 19:00:00,Device_B,9.532492044742694,277.8534186193539,2.235423240796941
2024-12-20 20:00:00,Device_C,13.907268776450106,491.5516230931261,0.2964489310164742
2024-12-20 21:00:00,Device_C,49.29324372750052,463.25288315330766,3.5428985653936222
2024-12-20 22:00:00,Device_C,22.048166239009095,78.48010912238085,2.1610062317845014
2024-12-20 23:00:00,Device_B,5.345991395352636,231.12159262477246,4.455643487652447
2024-12-21 00:00:00,Device_C,29.755226462804625,185.17377038316877,1.7698285508552263
2024-12-21 01:00:00,Device_C,10.167810013709259,63.39981986408613,0.20526464095345032
2024-12-21 02:00:00,Device_A,10.821038841993834,339.7039694907013,4.193758979209675
2024-12-21 03:00:00,Device_C,13.784388868691666,446.0925654716735,1.6929482059603522
2024-12-21 04:00:00,Device_C,21.79338685944679,384.1328404396536,3.2837937484249
2024-12-21 05:00:00,Device_A,19.729014128383927,105.72673169187182,3.3569900509125623
2024-12-21 06:00:00,Device_C,49.799600146449485,141.79103975591374,3.1122195131642605
2024-12-21 07:00:00,Device_B,43.138761872809475,167.67562476892078,0.6700709558746615
2024-12-21 08:00:00,Device_A,33.571449272131254,62.36415138738999,4.197743292414472
2024-12-21 09:00:00,Device_C,10.108694530198795,189.06412764419005,2.646214793938432
2024-12-21 10:00:00,Device_C,9.127488100012826,59.94751893538679,1.6040489088977465
2024-12-21 11:00:00,Device_B,36.31862090621398,106.27654388692946,3.9628640201213283
2024-12-21 12:00:00,Device_C,38.47366575809762,242.7514053045817,4.852395543637335
2024-12-21 13:00:00,Device_B,12.900391638340922,425.4479267536564,0.6144057924631247
2024-12-21 14:00:00,Device_B,8.873019419505313,92.86479343128637,4.839811258581906
2024-12-21 15:00:00,Device_A,27.605043815943805,142.84797305327947,4.115875320352736
2024-12-21 16:00:00,Device_B,12.67543085214184,280.9970323526756,1.8615633889886918
2024-12-21 17:00:00,Device_A,11.71923464370164,289.00523363652627,0.17031966586993796
2024-12-21 18:00:00,Device_B,18.355761389107023,425.14210461559554,3.9337244743239856
2024-12-21 19:00:00,Device_B,20.64487018178934,71.5547219430467,1.7509006717105735
2024-12-21 20:00:00,Device_A,7.307073981723116,40.97152830475069,4.980775264756391
2024-12-21 21:00:00,Device_A,33.7198479434299,241.0160025065973,1.4429941764058913
2024-12-21 22:00:00,Device_A,26.128531534110614,54.06566256219496,4.46504135924566
2024-12-21 23:00:00,Device_A,19.652752853149554,104.59578568873843,3.504223537671663
2024-12-22 00:00:00,Device_C,25.365435148855934,313.09992657151673,2.78140991615433
2024-12-22 01:00:00,Device_C,15.961410380034472,129.64101108242906,2.088500735969767
2024-12-22 02:00:00,Device_C,38.34930993945731,218.68485291402038,1.970996008921833
2024-12-22 03:00:00,Device_A,29.533111694617453,321.31565485566625,1.7633212043682334
2024-12-22 04:00:00,Device_C,49.6075825270313,404.86717522179543,2.314626903827104
2024-12-22 05:00:00,Device_B,48.809061737443926,419.42208219870855,0.14112985908269704
2024-12-22 06:00:00,Device_A,46.307500440458476,486.53512069032536,2.5456059544429817
2024-12-22 07:00:00,Device_C,42.55420459134061,109.63737223919841,1.5433197607805094
2024-12-22 08:00:00,Device_A,47.759334436901504,124.00337014787922,0.10906203844177342
2024-12-22 09:00:00,Device_A,14.526976594926731,362.4871501981014,4.3437758555346075
2024-12-22 10:00:00,Device_C,41.26636970839188,307.5305121346858,2.107901876759799
2024-12-22 11:00:00,Device_A,1.1273363454086591,285.95497550690766,4.129026458019433
2024-12-22 12:00:00,Device_C,38.317886231528774,115.00560511529251,2.6300633192671046
2024-12-22 13:00:00,Device_C,49.8740933625532,94.31499223350588,0.6264444113322154
2024-12-22 14:00:00,Device_C,5.5380063845480905,338.4489306271663,3.4444697563805975
2024-12-22 15:00:00,Device_C,46.1404598250641,351.1312125596421,4.750464742223363
2024-12-22 16:00:00,Device_C,36.87926769217613,66.70332720832621,1.9956441086271037
2024-12-22 17:00:00,Device_C,40.651005949725835,267.4400383204103,1.504819521869885
2024-12-22 18:00:00,Device_B,30.433377086786805,276.2746259422815,0.37291436699071034
2024-12-22 19:00:00,Device_A,25.188898030664774,139.03141874340918,3.731604608603515
2024-12-22 20:00:00,Device_A,11.399878061737695,234.35765491463084,1.8352008588208375
2024-12-22 21:00:00,Device_C,42.14480059882934,43.86476629346707,2.9545625600585246
2024-12-22 22:00:00,Device_C,12.748474071627534,300.92634176237414,2.9798593938978786
2024-12-22 23:00:00,Device_B,9.601226579221624,475.6856785920995,0.8911251048461866
2024-12-23 00:00:00,Device_C,16.709494679846664,179.53812203416115,2.8082865914727773
2024-12-23 01:00:00,Device_B,27.40476686477072,104.77095966693739,1.8296648991907405
2024-12-23 02:00:00,Device_C,7.687896074560845,290.41045897653726,0.3673234601164399
2024-12-23 03:00:00,Device_A,6.439110976136739,126.4671663032346,2.2517992263007742
2024-12-23 04:00:00,Device_C,17.025680781640087,77.25940563717818,4.1026131319567245
2024-12-23 05:00:00,Device_C,42.11160480714455,250.94512682481752,4.8574030953958856
2024-12-23 06:00:00,Device_A,25.116494061143666,352.62413047107697,1.8023239022793387
2024-12-23 07:00:00,Device_C,43.25543418402298,285.6817148579486,0.027502424800487923
2024-12-23 08:00:00,Device_C,16.962374060562787,414.7573450514462,1.9224087597412494
2024-12-23 09:00:00,Device_B,38.80464431391132,254.12962896062263,1.1045661242860316
2024-12-23 10:00:00,Device_A,9.94000962165217,352.0525648416726,1.0476228897919915
2024-12-23 11:00:00,Device_B,16.23766091364233,309.143578877216,2.171512797188944
2024-12-23 12:00:00,Device_B,28.5319858714774,348.57675359861764,3.7662312979732766
2024-12-23 13:00:00,Device_B,20.94670701717073,207.3418065841782,1.8083985103894435
2024-12-23 14:00:00,Device_B,39.49305558613632,423.0976150750839,4.09010202634083
2024-12-23 15:00:00,Device_A,37.31203240442862,190.6504056802132,4.6417739522809764
2024-12-23 16:00:00,Device_C,16.851191785295896,375.8925853682402,3.8118197263144182
2024-12-23 17:00:00,Device_A,40.43277338198765,28.049479724281575,3.27119311055983
2024-12-23 18:00:00,Device_A,48.05934126709793,237.01416794185434,4.451340790382487
2024-12-23 19:00:00,Device_C,26.155322703928757,32.55788665808417,2.687522294489859
2024-12-23 20:00:00,Device_C,34.12176678608699,398.9616314460877,0.0325758227206463
2024-12-23 21:00:00,Device_B,8.531412707238282,402.49105621626694,3.344419623551165
2024-12-23 22:00:00,Device_C,36.88185026064943,128.16742770044033,2.1568934419980583
2024-12-23 23:00:00,Device_B,2.2413618147593044,373.0377145434056,1.724472980955745
2024-12-24 00:00:00,Device_A,5.384226207938439,20.360163077751153,0.7447411185080954
2024-12-24 01:00:00,Device_B,22.902004328187562,94.51010199822423,0.6846722957627283
2024-12-24 02:00:00,Device_C,37.69857396241455,166.7522233064578,0.3399267190450411
2024-12-24 03:00:00,Device_B,14.054693849133034,85.24554440253598,0.7545540359697733
2024-12-24 04:00:00,Device_C,43.20450324527572,188.09731509502276,4.421685370300249
2024-12-24 05:00:00,Device_A,22.864366461283527,388.2655825798871,4.0347979775645095
2024-12-24 06:00:00,Device_B,32.253373653321844,392.53920167494334,4.2233871512916785
2024-12-24 07:00:00,Device_C,12.99784575562649,163.31794471745587,0.7664744198713097
2024-12-24 08:00:00,Device_C,38.10021011898976,58.473051305965626,4.7112726314467235
2024-12-24 09:00:00,Device_A,5.292577993379126,310.24368956153506,1.9977167832397051
2024-12-24 10:00:00,Device_A,41.648624174706804,404.44785344754,2.4141203300418783
2024-12-24 11:00:00,Device_C,31.520046687008453,167.16771457776687,0.9384625554062453
2024-12-24 12:00:00,Device_A,44.568045941869045,353.454822598813,4.150115153071817
2024-12-24 13:00:00,Device_C,29.38104228420638,366.37508991654465,3.5684859636042763
2024-12-24 14:00:00,Device_A,4.492004995683749,95.10775386571295,1.1618439373901424
2024-12-24 15:00:00,Device_B,2.9074237928925353,164.0395957504218,4.6226114719072084
2024-12-24 16:00:00,Device_B,7.558395768965718,323.7399956261197,2.197139068826229
2024-12-24 17:00:00,Device_C,37.05295379748484,328.2166570121169,4.098552277549576
2024-12-24 18:00:00,Device_A,6.227353127376278,232.27035737287943,1.8794609523382133
2024-12-24 19:00:00,Device_A,34.3792440967562,242.60873312872292,1.9387714875489452
2024-12-24 20:00:00,Device_B,13.940277189094369,111.62820279739721,3.0211678919069778
2024-12-24 21:00:00,Device_B,32.322167945577405,385.22984883555523,2.931831907544315
2024-12-24 22:00:00,Device_A,23.192215230973986,255.33171316276727,1.4734623974037402
2024-12-24 23:00:00,Device_A,10.103015890018149,435.44387998396104,1.4520184597388526
2024-12-25 00:00:00,Device_C,15.456597267490892,320.34164258379803,3.707784420745292
2024-12-25 01:00:00,Device_C,47.224314719748314,267.2054491080211,1.9437711487584175
2024-12-25 02:00:00,Device_B,37.36022973527646,177.51448809893301,2.1570127038525415
2024-12-25 03:00:00,Device_A,13.445522999946595,19.927572190055336,2.83765340161515
2024-12-25 04:00:00,Device_C,6.511997420971906,339.54005549267237,4.202185798690451
2024-12-25 05:00:00,Device_C,30.129194659886302,248.3910624847992,2.017044452161294
2024-12-25 06:00:00,Device_A,30.012802219614596,306.45395767338334,1.1486591691148589
2024-12-25 07:00:00,Device_B,47.017778077220626,16.282272202953056,0.7875567202683365
2024-12-25 08:00:00,Device_C,3.9231183939322785,289.8919151878943,1.7528658455351116
2024-12-25 09:00:00,Device_C,28.01541353353353,180.0686884652358,0.3706482208369355
2024-12-25 10:00:00,Device_B,27.126225181043072,100.08353962910813,0.8629871117094878
2024-12-25 11:00:00,Device_B,14.054064658416497,266.0203766918936,2.4177619128223466
2024-12-25 12:00:00,Device_C,48.55681857530866,165.19144366903072,3.336553400653113
2024-12-25 13:00:00,Device_A,8.95591420311191,98.53145596613595,1.3647652098889762
2024-12-25 14:00:00,Device_B,20.17386329260685,102.90178660984849,0.7682248715585643
2024-12-25 15:00:00,Device_A,23.888278750935747,153.10518302815288,4.7528332481495505
2024-12-25 16:00:00,Device_B,8.045954416067362,368.75760764670025,3.769740540412532
2024-12-25 17:00:00,Device_C,15.662861779333593,214.97439212929314,0.7481576934763334
2024-12-25 18:00:00,Device_A,13.814626707016362,17.919429403455705,3.122097951252425
2024-12-25 19:00:00,Device_B,47.15262769833012,268.7167689140624,4.284734684124613
2024-12-25 20:00:00,Device_B,14.3861184229043,437.836861996053,1.7820466042757004
2024-12-25 21:00:00,Device_B,48.18982480566676,476.47334171162765,4.964473218562144
2024-12-25 22:00:00,Device_B,40.288016499587165,319.2555216519938,2.969159874505051
2024-12-25 23:00:00,Device_A,23.774173683771995,456.2041003525829,3.3731200866985973
2024-12-26 00:00:00,Device_C,8.449322147573906,33.973818728389375,3.8488561892119644
2024-12-26 01:00:00,Device_B,6.0739752864472845,499.4066958148379,0.7286334565848146
2024-12-26 02:00:00,Device_B,39.75491164525083,354.920933917238,1.02700284361207
2024-12-26 03:00:00,Device_A,13.091535166712331,240.328968587903,4.789944604375583
2024-12-26 04:00:00,Device_C,19.23483436324263,188.08363603688295,3.5451159055436374
2024-12-26 05:00:00,Device_B,12.227352828006262,387.4159574055307,4.456875903532503
2024-12-26 06:00:00,Device_C,21.479557648811838,84.97866824256904,3.6190870276583342
2024-12-26 07:00:00,Device_A,6.010820678853955,30.24855430265206,2.0828922004593786
2024-12-26 08:00:00,Device_A,29.83576051933968,107.25853313268541,2.0120111292830285
2024-12-26 09:00:00,Device_C,3.958055085458156,160.5047459192736,3.4084828446436646
2024-12-26 10:00:00,Device_A,40.26162508313606,430.8622420804272,4.717729261842346
2024-12-26 11:00:00,Device_C,11.140742260146194,65.20998689241966,1.161063182724274
2024-12-26 12:00:00,Device_A,37.51030235930929,186.82957214988684,4.962715210290344
2024-12-26 13:00:00,Device_B,18.187980052076174,284.1667452348782,0.5840616953403271
2024-12-26 14:00:00,Device_A,2.8953386735693156,314.19801380866966,4.068816770572383
2024-12-26 15:00:00,Device_B,3.2427937892749297,494.9500757155564,0.663144333362492
2024-12-26 16:00:00,Device_B,10.867626751348869,12.378313928786103,0.11472966671997709
2024-12-26 17:00:00,Device_A,27.28100171602902,116.33264712924604,2.988432178352585
2024-12-26 18:00:00,Device_A,46.98352822057197,488.6110187710185,4.490519855225996
2024-12-26 19:00:00,Device_B,21.804995190726103,110.59371116983883,3.88989938753915
2024-12-26 20:00:00,Device_C,5.621952186622744,454.8288504638648,4.437178228708526
2024-12-26 21:00:00,Device_C,21.012800526009446,185.1074844909323,3.841577746078971
2024-12-26 22:00:00,Device_A,35.31576463163946,346.5574240355149,3.0603207154716
2024-12-26 23:00:00,Device_A,43.13134198449756,343.454705422046,4.752838864567392
2024-12-27 00:00:00,Device_A,21.058137745874895,197.3026859950266,3.341323989017839
2024-12-27 01:00:00,Device_B,17.218593786179827,76.72749078094526,1.1360855183762053
2024-12-27 02:00:00,Device_A,16.828197411315898,79.1067676935562,2.4801067184978565
2024-12-27 03:00:00,Device_A,39.99353253636787,264.353351877775,2.9172167526343626
2024-12-27 04:00:00,Device_C,2.324481498858418,296.5890330220452,2.5407132451237513
2024-12-27 05:00:00,Device_B,13.761445301059021,275.52393223669304,4.260489932648731
2024-12-27 06:00:00,Device_B,29.49635993862121,459.31937458079494,2.605338708799356
2024-12-27 07:00:00,Device_A,31.562377152205265,467.0166772145391,4.969868112166747
2024-12-27 08:00:00,Device_A,25.10450741020679,305.29463803933044,4.679207961451639
2024-12-27 09:00:00,Device_B,48.426103627377216,480.5195699065283,2.625322944707846
2024-12-27 10:00:00,Device_B,37.81410946762664,386.8356530780704,3.7340789615402055
2024-12-27 11:00:00,Device_B,21.01272428290246,396.6142003874649,4.560725556883812
2024-12-27 12:00:00,Device_C,31.096771605362804,450.4960639424527,0.15353997272234687
2024-12-27 13:00:00,Device_A,43.29386602319584,152.25361239163956,0.35650717695560663
2024-12-27 14:00:00,Device_A,24.987210950486734,281.1981029831332,4.302176941076417
2024-12-27 15:00:00,Device_A,15.961787627607,99.60569845861612,2.1931754888439414
2024-12-27 16:00:00,Device_C,22.318731932195245,288.823504975777,2.858132292556869
2024-12-27 17:00:00,Device_B,1.2366393343628832,330.55702905048656,4.963075346805159
2024-12-27 18:00:00,Device_C,16.19451916182937,132.57935497505034,4.397039071502323
2024-12-27 19:00:00,Device_A,44.6193548019662,321.2405595031998,2.3817691378104753
2024-12-27 20:00:00,Device_B,15.878286150309044,430.3871536317423,4.167410837692095
2024-12-27 21:00:00,Device_B,1.8072997839340617,81.10627459304837,1.609582164534256
2024-12-27 22:00:00,Device_B,37.79818597500804,167.07406451249102,2.6865631743216785
2024-12-27 23:00:00,Device_C,22.9147640079712,495.3706823325084,4.418790085576313
2024-12-28 00:00:00,Device_A,15.088637867574743,172.84241747480561,0.8054129328390602
2024-12-28 01:00:00,Device_A,28.31631606825705,352.32380352117735,0.30432002613577647
2024-12-28 02:00:00,Device_C,38.2300308588483,432.56464972644176,4.331694354386302
2024-12-28 03:00:00,Device_C,43.75893008986065,363.5725208431937,2.9083636550119083
2024-12-28 04:00:00,Device_C,46.10092005978306,433.09921074274877,2.4711643939921197
2024-12-28 05:00:00,Device_B,11.317711040857835,299.12067292536966,1.762678847861347
2024-12-28 06:00:00,Device_A,29.68093786028362,132.64551311577634,1.636419027383516
2024-12-28 07:00:00,Device_B,19.780931232699814,265.7843058496244,2.9179058772485074
2024-12-28 08:00:00,Device_A,44.44415947117572,101.96249603119749,4.568925646285119
2024-12-28 09:00:00,Device_A,10.543218792043886,74.62738160048126,4.82296988435781
2024-12-28 10:00:00,Device_C,33.92795371833462,52.45948136807109,0.9078494478195748
2024-12-28 11:00:00,Device_C,6.294553260299495,133.44404786529915,3.481236766321481
2024-12-28 12:00:00,Device_C,7.810065680465633,303.7522478471889,0.48596850031355776
2024-12-28 13:00:00,Device_C,36.521151743924015,44.07132171194451,0.34221219147324344
2024-12-28 14:00:00,Device_B,24.102433037763863,366.36556026999676,2.1415646789923333
2024-12-28 15:00:00,Device_C,7.7958856376187615,243.13287839400633,1.2809896541476435
2024-12-28 16:00:00,Device_A,20.263321206319766,319.14889044696105,3.0486505076958386
2024-12-28 17:00:00,Device_B,44.85371086600912,400.71777904300683,1.3186303020139816
2024-12-28 18:00:00,Device_C,43.458594806597524,42.02652975302106,4.962820189916893
2024-12-28 19:00:00,Device_A,18.85656108970621,409.7061570386623,3.7322199065921646
2024-12-28 20:00:00,Device_B,21.563137852300734,334.42090769665987,1.3484543026506852
2024-12-28 21:00:00,Device_A,30.89706720318895,20.090553915656173,1.910677430006325
2024-12-28 22:00:00,Device_C,22.92162028560259,23.0031009611765,3.429408816285236
2024-12-28 23:00:00,Device_A,34.482400173432175,182.73551277531507,2.8698756743935183
2024-12-29 00:00:00,Device_B,17.038885657795248,156.0278697767414,2.3759811154517907
2024-12-29 01:00:00,Device_C,43.21030189982958,491.7256728707742,4.6860825563314155
2024-12-29 02:00:00,Device_B,42.07004570445436,108.18983612328958,4.084224560822439
2024-12-29 03:00:00,Device_A,41.911150510458405,241.49510397112013,0.2726328110047893
2024-12-29 04:00:00,Device_A,16.73067618184531,34.05642357187771,4.357273818728285
2024-12-29 05:00:00,Device_A,6.9216541772461575,104.61625948986322,0.11195542340681153
2024-12-29 06:00:00,Device_B,25.463945674400694,360.44835012417906,1.0428909255930403
2024-12-29 07:00:00,Device_B,19.64860735028801,362.8694674059231,0.7785751714157174
2024-12-29 08:00:00,Device_B,12.2678320087643,345.74903616402025,0.817095591455082
2024-12-29 09:00:00,Device_B,9.48971352948854,127.6378634815094,3.5867788746233225
2024-12-29 10:00:00,Device_B,3.2696445713579485,499.941546974772,1.8842390057837273
2024-12-29 11:00:00,Device_B,23.07214534216779,177.16279216459262,4.195970841121081
2024-12-29 12:00:00,Device_B,24.352723786793405,284.17397230112266,2.35857981578863
2024-12-29 13:00:00,Device_B,9.483181037705616,58.53163766515702,0.5555006564709042
2024-12-29 14:00:00,Device_C,42.43875334251826,34.99455074513634,2.201840523440772
2024-12-29 15:00:00,Device_A,13.376739988865213,309.3054334813894,0.9726113877132958
2024-12-29 16:00:00,Device_C,25.66956578421024,163.7742460865465,2.9798207316130436
2024-12-29 17:00:00,Device_C,25.205032722192964,127.70042032205534,2.2894356987513813
2024-12-29 18:00:00,Device_A,20.798301139699582,165.88526987223037,0.7482158042147208
2024-12-29 19:00:00,Device_A,47.42961681771677,363.83609369414137,1.6125048174643526
2024-12-29 20:00:00,Device_A,22.344257632881458,177.36117992281297,2.617143863569351
2024-12-29 21:00:00,Device_A,18.023163002090488,69.62040815337933,1.8747512002788658
2024-12-29 22:00:00,Device_C,34.598848281388406,285.4232704952746,0.3811100476626772
2024-12-29 23:00:00,Device_A,39.35635731901033,42.67850224889281,1.1426147034356653
2024-12-30 00:00:00,Device_B,41.700835286489344,70.00285011321253,1.2525647640683273
2024-12-30 01:00:00,Device_C,18.2966872193217,245.99011354896209,3.161378794534526
2024-12-30 02:00:00,Device_A,46.39491004891923,161.05969986412774,2.8257884438505707
2024-12-30 03:00:00,Device_A,14.29219463401957,381.0643883498853,0.15755433197930158
2024-12-30 04:00:00,Device_A,40.20467363711126,27.816207364100926,0.021288300961898043
2024-12-30 05:00:00,Device_C,49.959114303878565,302.1291948393685,1.1228836412233378
2024-12-30 06:00:00,Device_B,32.23896357772168,427.01579112049956,2.623770136233592
2024-12-30 07:00:00,Device_B,34.25306151650844,17.2313341142093,1.8237389425159145
2024-12-30 08:00:00,Device_B,31.750140775390253,89.78927600295862,0.5573052371081144
2024-12-30 09:00:00,Device_B,36.04777579805567,331.5781473888682,4.281413230958011
2024-12-30 10:00:00,Device_C,37.00307976875253,353.23706115285154,4.202359119935069
2024-12-30 11:00:00,Device_C,14.403061251187466,259.67188154453163,0.8869673053497762
2024-12-30 12:00:00,Device_B,34.4908314479501,62.90966563920115,3.6813442884565095
2024-12-30 13:00:00,Device_B,25.587836628321732,390.429878109911,0.8314205047865764
2024-12-30 14:00:00,Device_C,17.431668584638043,117.90560358461482,3.801806360172936
2024-12-30 15:00:00,Device_A,44.75592488079925,275.04757680174833,4.168381948491958
2024-12-30 16:00:00,Device_A,7.660719709653291,24.30474808551356,3.202770824219272
2024-12-30 17:00:00,Device_B,29.184350011909743,28.141722991216884,2.269135477269727
2024-12-30 18:00:00,Device_B,30.959795899113868,203.24854125178953,1.3363472608805131
2024-12-30 19:00:00,Device_B,42.79121956308289,407.54184649911434,3.892899509730832
2024-12-30 20:00:00,Device_A,28.730464072582294,23.3968248368132,2.4699351676008305
2024-12-30 21:00:00,Device_B,8.684377022739728,120.09880063396038,2.421071530280005
2024-12-30 22:00:00,Device_C,48.57962585877942,375.9215893773655,3.9660116356829125
2024-12-30 23:00:00,Device_B,5.484761738822729,454.70554484464816,2.3367457825186557
2024-12-31 00:00:00,Device_C,9.744641183175803,358.90754271763177,1.4901792212618519
2024-12-31 01:00:00,Device_C,11.81978802888271,471.47743092568777,0.77336454339611
2024-12-31 02:00:00,Device_C,12.793792869683598,462.9147058333572,2.6706003207492635
2024-12-31 03:00:00,Device_B,35.13981201023943,47.71916755768544,0.16566894687780054
2024-12-31 04:00:00,Device_B,46.67365430296056,107.36286149591446,1.189538031758306
2024-12-31 05:00:00,Device_B,13.102430839323507,263.79304793329345,3.6579759926098916
2024-12-31 06:00:00,Device_B,45.08337175456319,49.19545001538348,0.22408355716335926
2024-12-31 07:00:00,Device_B,15.569618895177928,495.85904163866354,3.048198103932203
2024-12-31 08:00:00,Device_A,20.80911699443812,164.15240291737845,1.236614805351632
2024-12-31 09:00:00,Device_B,39.78564469174121,67.48442700347572,2.808753590363031
2024-12-31 10:00:00,Device_C,30.369955033146365,234.9759282572,0.31529110993317677
2024-12-31 11:00:00,Device_A,32.196821390340645,405.45752990543554,0.43556906367079484
2024-12-31 12:00:00,Device_C,35.449358983204526,146.99252634156417,1.573988623451954
2024-12-31 13:00:00,Device_A,48.694086529679915,246.89414889552359,1.9797628414507478
2024-12-31 14:00:00,Device_C,36.9035328350144,141.28502611251506,3.322283636273455
2024-12-31 15:00:00,Device_B,9.47162210496069,58.91504016757777,4.138994129178069
2024-12-31 16:00:00,Device_C,35.036489534619925,432.24605862808653,1.5461944003878758
2024-12-31 17:00:00,Device_A,29.954789802823093,306.9990306492215,2.504586836101032
2024-12-31 18:00:00,Device_B,20.44792013152718,177.82013744190488,2.3540771706127774
2024-12-31 19:00:00,Device_C,17.226933045042458,63.50524921585414,3.13782004166539
2024-12-31 20:00:00,Device_A,44.22540605456604,284.43903066902664,3.7523882709392242
2024-12-31 21:00:00,Device_A,9.558094934646071,67.34889161505916,1.3315988444416127
2024-12-31 22:00:00,Device_A,33.603069722115144,218.6167387717069,2.4072261008555866
2024-12-31 23:00:00,Device_C,4.351597387127885,54.728135850165195,3.8797952465932055
2025-01-01 00:00:00,Device_A,24.117604905069502,190.31734303745236,1.989166683809005
2025-01-01 01:00:00,Device_B,30.659766648752782,170.40847744643662,4.666541114486044
2025-01-01 02:00:00,Device_C,43.17361246324099,157.9968766694352,2.323795939341246
2025-01-01 03:00:00,Device_B,18.289951251597216,170.11612351548848,2.579630453784727
2025-01-01 04:00:00,Device_B,38.976112017614795,287.07179474806964,0.11203145157340222
2025-01-01 05:00:00,Device_C,4.872884506552325,393.77671234622784,2.5350877572640473
2025-01-01 06:00:00,Device_A,11.769296947809497,193.25556224517678,4.394100935547882
2025-01-01 07:00:00,Device_C,22.59570716410417,328.4472654986213,4.570913917443678
2025-01-01 08:00:00,Device_B,34.18093791411135,386.8135290952266,2.5253042852639647
2025-01-01 09:00:00,Device_B,14.202594204149246,258.26070032712903,4.7780352812440565
2025-01-01 10:00:00,Device_A,24.369358311227924,233.13909225378185,1.8391512277644302
2025-01-01 11:00:00,Device_A,8.111214708309864,118.78676455399923,2.009140393006381
2025-01-01 12:00:00,Device_C,6.716418772396317,40.35131073129439,1.089053825068531
2025-01-01 13:00:00,Device_A,25.433231803333012,44.910223873735916,2.8541977786382553
2025-01-01 14:00:00,Device_B,29.004684345953045,494.09332040230674,0.1754886466181793
2025-01-01 15:00:00,Device_B,39.295701302335225,202.301198722752,4.782326761018482
2025-01-01 16:00:00,Device_A,42.097129483505405,149.4259193233619,4.487784259004811
2025-01-01 17:00:00,Device_B,31.806607060779395,452.31245740916455,3.4680359853166385
2025-01-01 18:00:00,Device_B,21.916434578544617,172.9182553597018,2.0018119434715382
2025-01-01 19:00:00,Device_A,32.91235793566115,350.5320515437907,0.8398113794741185
2025-01-01 20:00:00,Device_B,39.63783431142585,302.93309191502567,2.4044862034308423
2025-01-01 21:00:00,Device_B,5.168646754963623,269.1331009847062,2.5602356659291656
2025-01-01 22:00:00,Device_A,44.295641395323045,22.798961699832294,2.89524990149403
2025-01-01 23:00:00,Device_B,49.40545004070836,464.2849962143656,0.5993295919616626
2025-01-02 00:00:00,Device_A,13.428734082345494,211.19132523997717,0.9973545636001374
2025-01-02 01:00:00,Device_C,36.253070764466194,12.456160779999443,1.0090517613352123
2025-01-02 02:00:00,Device_C,33.779882350401444,127.56247744383502,2.4518066403165566
2025-01-02 03:00:00,Device_A,27.943014809078978,149.45320459428328,2.2180991044056086
2025-01-02 04:00:00,Device_B,18.250637824050067,470.3209623845804,3.638156018413005
2025-01-02 05:00:00,Device_C,37.16884796098583,10.191297791306589,2.5794099456697346
2025-01-02 06:00:00,Device_A,48.59786393197612,345.80246085891497,2.3944874561133362
2025-01-02 07:00:00,Device_B,42.34022907522393,10.470691719761202,2.409564088610395
2025-01-02 08:00:00,Device_B,11.864457764572794,310.07337869395315,3.200795813865254
2025-01-02 09:00:00,Device_B,39.36112545654954,404.8557701414767,3.572049750713348
2025-01-02 10:00:00,Device_A,19.170768485728633,159.37762171432783,0.13109091916324145
2025-01-02 11:00:00,Device_C,31.03069766820652,67.7578249582179,0.4079176236411075
2025-01-02 12:00:00,Device_C,29.764590824153146,320.63068878479294,1.4109881824704695
2025-01-02 13:00:00,Device_B,21.67055807383659,194.10595616351412,1.9700974985148871
2025-01-02 14:00:00,Device_C,2.9255823895053505,481.46303193228346,1.9212590855783613
2025-01-02 15:00:00,Device_C,44.93984534738198,330.4559523344794,1.2935112035681906
2025-01-02 16:00:00,Device_C,28.384525889162873,483.93593234135636,0.5978504303280996
2025-01-02 17:00:00,Device_C,25.0504052538024,239.5682889548797,0.34356764944553697
2025-01-02 18:00:00,Device_C,43.166379621388614,173.2137489151017,1.804035219227658
2025-01-02 19:00:00,Device_C,5.854455246518726,499.49664756593927,1.9561445843950214
2025-01-02 20:00:00,Device_A,37.97332226568252,478.30885002171857,3.856317619302809
2025-01-02 21:00:00,Device_C,22.80351235207669,267.6978026645435,1.2450387839511345
2025-01-02 22:00:00,Device_A,2.411007576812664,110.38123104759381,3.7521979376284875
2025-01-02 23:00:00,Device_B,32.22480390605547,154.02063090175417,3.0726203582898837
2025-01-03 00:00:00,Device_C,14.863560539457211,301.94907861108004,2.4209352641647683
2025-01-03 01:00:00,Device_A,49.41007040467696,405.7155098950942,0.25111420432858633
2025-01-03 02:00:00,Device_A,30.909445811026014,234.74420635866895,3.1541193672230152
2025-01-03 03:00:00,Device_A,15.024949889681631,97.24438403772376,4.282461991043135
2025-01-03 04:00:00,Device_B,10.219896076644067,18.27576950672715,4.780988652378998
2025-01-03 05:00:00,Device_C,1.4551768404448067,413.0003391731999,0.20036745102946174
2025-01-03 06:00:00,Device_C,18.14217242871203,232.55347643325044,3.404017975374822
2025-01-03 07:00:00,Device_C,39.93630710220064,14.642096616819064,3.210682361532964
2025-01-03 08:00:00,Device_B,35.65854546475767,465.6234297513312,0.10878313781904125
2025-01-03 09:00:00,Device_A,29.62060695598947,145.08286184638257,1.2340308161605118
2025-01-03 10:00:00,Device_C,26.35517063489909,350.3305542473935,1.7250502955213802
2025-01-03 11:00:00,Device_B,40.61297201091014,42.5971291527823,3.516589473439233
2025-01-03 12:00:00,Device_A,13.324870149842573,221.27711348344695,4.667863285675433
2025-01-03 13:00:00,Device_C,14.8815390285642,428.81015824525963,2.5136405116520963
2025-01-03 14:00:00,Device_B,27.07969304343211,228.8818266017543,3.711728302274542
2025-01-03 15:00:00,Device_B,9.670463575639594,247.0201359120064,4.999975311935626
2025-01-03 16:00:00,Device_C,16.673297675887632,268.4440444383803,0.819957968011637
2025-01-03 17:00:00,Device_C,27.62826430945009,231.32529588926928,4.927170450114931
2025-01-03 18:00:00,Device_A,4.1522729558790665,148.5424093112949,1.5101171334680596
2025-01-03 19:00:00,Device_A,49.9239266927253,281.16333684910154,2.0286500766993
2025-01-03 20:00:00,Device_B,36.81985523607325,239.87265896211932,2.0051665487198695
2025-01-03 21:00:00,Device_A,7.0255888439641785,372.27800436010864,0.2421782069227113
2025-01-03 22:00:00,Device_A,47.099808303191686,373.22872920896685,0.4494587231028929
2025-01-03 23:00:00,Device_C,2.3861073288693033,306.4010405797803,1.9681464068291992
2025-01-04 00:00:00,Device_A,10.976786158775358,438.9479815767336,3.449688189472526
2025-01-04 01:00:00,Device_C,26.42886077495733,499.9633677490344,1.7480868868980526
2025-01-04 02:00:00,Device_B,27.963960152079476,140.7024079062124,2.709982832803044
2025-01-04 03:00:00,Device_C,45.201481665737134,26.798889474514702,0.4939436508801437
2025-01-04 04:00:00,Device_C,41.4531654388674,21.71481927556416,1.7205419070707921
2025-01-04 05:00:00,Device_C,10.564714860054044,114.74159524040496,2.946532197288399
2025-01-04 06:00:00,Device_C,24.491991546563398,72.33354278276455,0.37381813696472643
2025-01-04 07:00:00,Device_A,2.070400403179765,24.968411638302594,3.110108902172537
2025-01-04 08:00:00,Device_B,7.895823645318763,95.1056601451971,0.3040315771570884
2025-01-04 09:00:00,Device_C,31.74529913292487,257.4127338206687,4.792064550789289
2025-01-04 10:00:00,Device_C,33.138013278659145,120.51606438387124,4.9453240730010535
2025-01-04 11:00:00,Device_A,22.021530418588203,144.1817122486935,3.5376301567043478
2025-01-04 12:00:00,Device_C,47.241084883119576,257.8332140556588,1.1713511533897103
2025-01-04 13:00:00,Device_A,37.57975798363173,101.72705477818752,1.1158730553418046
2025-01-04 14:00:00,Device_C,33.51918992297855,254.20466755616263,1.5371333738522637
2025-01-04 15:00:00,Device_A,18.05272281787539,381.80043494843227,3.939071788719535
2025-01-04 16:00:00,Device_C,37.36001213831669,414.40344558216833,3.785772866584342
2025-01-04 17:00:00,Device_A,34.19059179459445,152.7420609421591,3.704239002166151
2025-01-04 18:00:00,Device_C,19.103377118264497,403.1562003168149,1.9532097123543695
2025-01-04 19:00:00,Device_B,6.677620937040091,119.01413158186014,2.965225215864575
2025-01-04 20:00:00,Device_B,6.303520105646983,241.99373744147644,2.1970283701916564
2025-01-04 21:00:00,Device_C,46.39528989947569,214.36743908185545,0.6836344626518981
2025-01-04 22:00:00,Device_C,23.912824021492522,305.255056191332,4.700822895085228
2025-01-04 23:00:00,Device_B,11.432563266504001,337.51276131297715,0.37550997994685253
2025-01-05 00:00:00,Device_B,27.284368285824144,330.70598454909975,1.1307508445343295
2025-01-05 01:00:00,Device_B,33.38123762615946,141.65694310199498,3.639065788177784
2025-01-05 02:00:00,Device_B,3.852201810586026,262.503996179021,1.4102695830526157
2025-01-05 03:00:00,Device_A,49.337704359686875,458.58064562397146,3.5983954428216816
2025-01-05 04:00:00,Device_A,13.475997146489503,52.423775214202486,4.68088645552691
2025-01-05 05:00:00,Device_C,38.09370187802356,437.5425884256566,0.8933409760988759
2025-01-05 06:00:00,Device_B,21.47728728628081,193.23814540825785,4.569328763481027
2025-01-05 07:00:00,Device_B,1.87600814035354,293.2474716694465,1.3988055975072817
2025-01-05 08:00:00,Device_A,43.25078579619801,465.9606110742676,2.357660095392144
2025-01-05 09:00:00,Device_C,29.281974490394486,283.60000395080147,1.3875969209392074
2025-01-05 10:00:00,Device_C,30.849329355529765,178.58522672069523,4.990293880095348
2025-01-05 11:00:00,Device_B,32.272245953370145,23.63535144486466,3.2196647639736375
2025-01-05 12:00:00,Device_C,22.522997869429247,116.41748791861848,3.532704045820105
2025-01-05 13:00:00,Device_C,29.913545816406128,340.4226859648252,0.9483410066774411
2025-01-05 14:00:00,Device_A,49.77499611318844,321.72714513310825,3.2272651320740104
2025-01-05 15:00:00,Device_C,49.46834332801384,119.9364291042661,0.2511526384006302
2025-01-05 16:00:00,Device_C,12.028118270860544,98.74434113712415,4.356753515612094
2025-01-05 17:00:00,Device_B,13.149956138986928,112.02077038733022,1.4516195261202236
2025-01-05 18:00:00,Device_C,5.021390840522036,76.00498409257196,3.06843360011013
2025-01-05 19:00:00,Device_A,29.646223176467956,75.62496798623276,4.734585791161356
2025-01-05 20:00:00,Device_A,5.989588203340633,232.56626409805742,4.986703986231946
2025-01-05 21:00:00,Device_A,18.03606558951115,39.62593039045701,0.8934349033914779
2025-01-05 22:00:00,Device_B,38.90980286389476,301.7463811313777,2.287014774293418
2025-01-05 23:00:00,Device_B,39.42768527173267,11.531101265320965,1.503466146238352
2025-01-06 00:00:00,Device_A,17.160438247864153,445.9650509583189,1.8231625220283976
2025-01-06 01:00:00,Device_B,10.669427299015567,495.8182734188766,1.2227936860302862
2025-01-06 02:00:00,Device_C,7.477361020074397,23.583404839537444,1.2327542507094487
2025-01-06 03:00:00,Device_B,21.65149495574178,419.9009964062807,1.3672083616399922
2025-01-06 04:00:00,Device_A,6.163119082539423,450.87498896797985,0.5812455881543499
2025-01-06 05:00:00,Device_A,6.219506353248868,335.39240163572754,4.745450166925288
2025-01-06 06:00:00,Device_C,4.78089682069263,399.2925654526691,2.5434507989953947
2025-01-06 07:00:00,Device_A,39.35922249637521,446.5586867347471,4.982945732219438
2025-01-06 08:00:00,Device_A,15.738475580211198,149.21016246775594,2.580596446650889
2025-01-06 09:00:00,Device_A,10.63733382420153,371.2417633377933,1.1022121121765966
2025-01-06 10:00:00,Device_B,18.828423849644775,296.4750266347607,4.0609520461395645
2025-01-06 11:00:00,Device_A,32.287081722762935,23.46396526884032,4.049313511626988
2025-01-06 12:00:00,Device_B,42.711764211488656,168.76624436265547,1.404180112202883
2025-01-06 13:00:00,Device_B,8.224047800607007,378.83754258317066,2.506157709203098
2025-01-06 14:00:00,Device_B,6.277756083299279,219.6044160824163,3.7911716848789547
2025-01-06 15:00:00,Device_B,29.019267325815843,127.80022395726425,3.163165794957112
2025-01-06 16:00:00,Device_B,29.85695566283869,142.40019482096017,4.9074143555711816
2025-01-06 17:00:00,Device_C,21.34154487740781,488.5950038576057,1.669886748834784
2025-01-06 18:00:00,Device_A,39.23568502252238,458.4003636472473,4.701509901011219
2025-01-06 19:00:00,Device_B,12.613255421071473,448.34186427374743,4.6794970698297265
2025-01-06 20:00:00,Device_B,30.90839260963385,166.27357918386653,2.824320004753482
2025-01-06 21:00:00,Device_A,35.50361010701865,339.8302358569671,0.9330799297811598
2025-01-06 22:00:00,Device_A,30.570001045188672,343.9606917458675,0.700700261839759
2025-01-06 23:00:00,Device_A,25.31498850146592,482.2450238356827,4.172631962944261
2025-01-07 00:00:00,Device_B,45.46233139969471,156.50482223015564,4.442205996575963
2025-01-07 01:00:00,Device_B,8.507322882191021,19.52013185709928,3.2873834913025988
2025-01-07 02:00:00,Device_B,2.927085640317796,419.7060688752652,0.6215768769217045
2025-01-07 03:00:00,Device_A,5.78895817267288,451.26982619423205,4.7614483716553755
2025-01-07 04:00:00,Device_A,41.88653423254625,477.69080383116557,1.2477748509264708
2025-01-07 05:00:00,Device_C,15.47008753899895,377.25351022850026,4.474914043856384
2025-01-07 06:00:00,Device_B,32.187228458400625,263.91899839125387,0.03221404457502963
2025-01-07 07:00:00,Device_B,27.281415089251063,111.27424106598274,1.9729456603775435
2025-01-07 08:00:00,Device_C,29.803184636503364,387.3861855676742,3.1041323066386695
2025-01-07 09:00:00,Device_B,44.39165328647386,346.9347368608904,1.0175903328656033
2025-01-07 10:00:00,Device_B,8.998629260980827,99.48858632394553,4.000669438462367
2025-01-07 11:00:00,Device_C,18.974974352667047,240.76763652112672,4.070199810700959
2025-01-07 12:00:00,Device_C,47.328579791383234,439.3623667855382,1.9718982958966536
2025-01-07 13:00:00,Device_B,5.018833264719508,491.3413392977937,1.577072108235975
2025-01-07 14:00:00,Device_A,49.32938038603559,251.92514376802927,1.688221448077467
2025-01-07 15:00:00,Device_A,17.719350750072223,326.1449382583981,2.4140868013151846
2025-01-07 16:00:00,Device_B,49.780991553184066,488.7605596684163,4.257095794769042
2025-01-07 17:00:00,Device_B,39.610913880373054,122.93263344918631,3.52267011084849
2025-01-07 18:00:00,Device_A,7.55451632862463,70.92471663003975,0.7459962476174714
2025-01-07 19:00:00,Device_C,45.41131346594266,60.44471415818212,0.28454966470721543
2025-01-07 20:00:00,Device_A,2.7594962824897653,78.6461951944048,4.29347953593038
2025-01-07 21:00:00,Device_A,28.169144406352903,160.45298388167382,1.0233562511066014
2025-01-07 22:00:00,Device_C,18.178164191770264,226.16921240320772,3.2067796458711633
2025-01-07 23:00:00,Device_B,26.419460142806273,56.54196981384126,4.383353299522608
2025-01-08 00:00:00,Device_C,29.669393520921062,167.07994064712554,3.324724467566549
2025-01-08 01:00:00,Device_A,48.22153206686436,411.4181962240584,4.732352672532053
2025-01-08 02:00:00,Device_B,34.512184644469784,46.475792610431064,4.735320803427071
2025-01-08 03:00:00,Device_A,26.7515853793845,116.49556488654063,2.956494950262709
2025-01-08 04:00:00,Device_A,37.06663748797782,195.77483261910177,1.721714823395963
2025-01-08 05:00:00,Device_C,45.6496866385792,418.6426232715744,3.6050075859994166
2025-01-08 06:00:00,Device_A,49.22299451279518,236.67140377622803,1.4234652755000787
2025-01-08 07:00:00,Device_C,37.85712110684817,114.32559103155154,2.1116728611755646
2025-01-08 08:00:00,Device_A,6.196504942479893,488.46754406791706,0.06919727480516502
2025-01-08 09:00:00,Device_A,30.943260611674138,167.8868523668635,2.047133726935847
2025-01-08 10:00:00,Device_A,25.561084808689944,125.90297430380421,1.972401411036907
2025-01-08 11:00:00,Device_A,22.770247184944527,350.4106581359406,0.9340676578182239
2025-01-08 12:00:00,Device_C,11.934441140609334,196.4950215323696,2.665364219074859
2025-01-08 13:00:00,Device_C,6.412364808450975,124.63712959492908,3.1086830872079685
2025-01-08 14:00:00,Device_B,28.558924547098314,480.9660157612501,1.589047602564147
2025-01-08 15:00:00,Device_C,37.14182823339485,239.76393365461956,2.8565904999740073
2025-01-08 16:00:00,Device_C,49.126486303095476,426.9793044894378,2.126253944615014
2025-01-08 17:00:00,Device_A,44.23955847343359,323.53819918615187,4.672027628787708
2025-01-08 18:00:00,Device_A,36.42231811522944,97.15083913348508,4.345529841903018
2025-01-08 19:00:00,Device_A,35.474751139577535,418.0467494859797,1.8718884503218636
2025-01-08 20:00:00,Device_C,20.984397024065157,286.57466867307687,3.280858433924542
2025-01-08 21:00:00,Device_A,7.9322551789401805,137.29942255983983,3.3189547896205784
2025-01-08 22:00:00,Device_A,41.734954584406175,376.74955333577,3.905631129304669
2025-01-08 23:00:00,Device_C,41.822382457876365,245.73127572167476,0.053120947432078736
2025-01-09 00:00:00,Device_B,27.20419997057591,477.3909464446399,4.053551657039744
2025-01-09 01:00:00,Device_C,14.187710465139117,310.598006852262,3.7145352505284035
2025-01-09 02:00:00,Device_C,16.120557578970196,135.60818736474567,2.666407736662592
2025-01-09 03:00:00,Device_A,33.69412714339567,395.82222785746046,2.5083423019262345
2025-01-09 04:00:00,Device_A,13.456567414433197,128.41489189972827,1.0245945123070577
2025-01-09 05:00:00,Device_C,1.3573461653276655,175.74537965416337,0.8086720099827682
2025-01-09 06:00:00,Device_B,3.4614087450947477,353.0913904063674,1.925737762272837
2025-01-09 07:00:00,Device_A,35.25280567629998,390.4524003176774,2.4264124574544295
2025-01-09 08:00:00,Device_C,46.708606348855064,27.990694952016128,2.650941970102304
2025-01-09 09:00:00,Device_B,10.952471635910504,425.26818633805965,1.9596476953014181
2025-01-09 10:00:00,Device_B,33.786179731415864,282.90593494009266,0.5576791637967271
2025-01-09 11:00:00,Device_B,40.41059257518334,196.97470593074294,2.317639932800021
2025-01-09 12:00:00,Device_C,21.13765914170779,432.8027305089478,3.039258792238655
2025-01-09 13:00:00,Device_A,24.224567576321952,37.37445041835447,1.8074277252570992
2025-01-09 14:00:00,Device_C,45.81217680470409,381.4863130841826,0.9197568637415893
2025-01-09 15:00:00,Device_C,31.509461052012583,443.93609159175884,0.5682292165964337
2025-01-09 16:00:00,Device_B,26.7021947405897,160.22749020636562,2.010751346975238
2025-01-09 17:00:00,Device_C,46.82274854120854,227.46809482447313,3.0544087291022644
2025-01-09 18:00:00,Device_B,15.137563211655628,438.8239035702601,2.3751467966924773
2025-01-09 19:00:00,Device_C,32.820745106363574,84.95695545700667,1.6852798446838924
2025-01-09 20:00:00,Device_B,35.49559812043,203.25960260682166,0.9261233030411969
2025-01-09 21:00:00,Device_C,45.01263904695106,289.12412820578976,4.693775997686885
2025-01-09 22:00:00,Device_A,46.865999383626686,369.86276847079984,3.742248927981457
2025-01-09 23:00:00,Device_B,9.905150467103724,15.227397889357057,4.525512235904389
2025-01-10 00:00:00,Device_B,46.92460730804046,128.91994055720804,0.23808562294874602
2025-01-10 01:00:00,Device_C,12.626109868019764,214.3468526347462,1.679195940496812
2025-01-10 02:00:00,Device_B,1.519592660031286,290.3584125034907,2.969141627657561
2025-01-10 03:00:00,Device_A,18.166150583049866,429.7429771936057,3.759302032857932
2025-01-10 04:00:00,Device_A,4.397118559750733,256.5207400377368,1.6753155115913847
2025-01-10 05:00:00,Device_B,45.67307119547677,354.76818319356363,2.172164130377588
2025-01-10 06:00:00,Device_C,16.204966191918338,52.08863802658691,1.7579530407296051
2025-01-10 07:00:00,Device_C,7.739922992681064,158.7854090983956,1.9210634800397675
2025-01-10 08:00:00,Device_C,39.64351131660806,332.4966859886679,3.1344315176521653
2025-01-10 09:00:00,Device_B,18.74069231000002,440.6231940691311,3.505779008418486
2025-01-10 10:00:00,Device_A,42.736243537891525,18.51574236330348,1.485772417457261
2025-01-10 11:00:00,Device_C,32.75752558599264,64.00536402491477,3.677695031351375
2025-01-10 12:00:00,Device_C,17.837921730135836,407.7878089288074,3.718948824225603
2025-01-10 13:00:00,Device_C,42.823697349995534,487.7488166410501,2.5457637164607783
2025-01-10 14:00:00,Device_B,8.82467829917729,359.90739295791445,3.924695233178296
2025-01-10 15:00:00,Device_B,13.849077695053149,256.15079221169094,3.433678012249906
2025-01-10 16:00:00,Device_A,40.47114704736076,404.1819709247055,4.586027755346089
2025-01-10 17:00:00,Device_A,22.881705391318427,300.36874555715417,2.8522528789936774
2025-01-10 18:00:00,Device_B,44.171461236173485,275.02245696739556,1.0880526978434872
2025-01-10 19:00:00,Device_C,28.74286702804373,388.21353509256926,3.4073641313683174
2025-01-10 20:00:00,Device_C,16.676884666246824,313.76669076935127,1.087087554250708
2025-01-10 21:00:00,Device_B,30.41736702088676,195.62451990766297,1.4694798862603515
2025-01-10 22:00:00,Device_C,30.900817887581447,281.26058239794526,0.6384242165969717
2025-01-10 23:00:00,Device_B,24.341824059928516,444.3949377250896,1.8706532886482352
2025-01-11 00:00:00,Device_A,5.583002281373463,219.88914479962685,1.1026762039347298
2025-01-11 01:00:00,Device_B,20.000963868672713,215.23231752583976,1.7586362204680932
2025-01-11 02:00:00,Device_B,13.497340397685479,252.77477152388067,0.19344223102882752
2025-01-11 03:00:00,Device_C,23.321115969807536,326.08135986858025,0.49693057325785606
2025-01-11 04:00:00,Device_C,13.475789990954455,124.79070274600389,0.556661132185236
2025-01-11 05:00:00,Device_A,49.61629824250231,190.6705942652169,3.9793794479616365
2025-01-11 06:00:00,Device_B,27.633795293765555,442.3401484679407,3.983139572484074
2025-01-11 07:00:00,Device_A,5.811570667310819,259.7949349139534,4.796919734636792
2025-01-11 08:00:00,Device_B,5.689980049716641,287.37996168794683,2.7453120198082566
2025-01-11 09:00:00,Device_A,13.504566723165047,433.7561412146504,0.26788435953446654
2025-01-11 10:00:00,Device_C,42.14764445142833,419.95625118255896,2.1186381415134115
2025-01-11 11:00:00,Device_B,18.22767904241049,484.676793988564,4.513523389713544
2025-01-11 12:00:00,Device_A,24.085812430074657,92.31680639382223,4.829405677811484
2025-01-11 13:00:00,Device_C,18.45098850374268,336.3057921865034,1.103163740488674
2025-01-11 14:00:00,Device_A,9.352359934525317,152.7497671907489,3.8749105423527257
2025-01-11 15:00:00,Device_B,8.235386261151923,308.61618151912194,3.460423471512863
