Timestamp,Equipment_ID,Sensor_Reading,Anomaly_Detected
2024-12-01 00:00:00,Valve_2,0.29741716887020697,0
2024-12-01 01:00:00,Valve_1,0.7712295183277807,0
2024-12-01 02:00:00,Valve_1,0.8461500838121055,0
2024-12-01 03:00:00,Valve_1,0.827298299075894,0
2024-12-01 04:00:00,Sensor_A,0.626046379533106,0
2024-12-01 05:00:00,Valve_2,0.8691557575829749,0
2024-12-01 06:00:00,Valve_1,0.18228615093804368,0
2024-12-01 07:00:00,Valve_2,0.12341224193607436,1
2024-12-01 08:00:00,Sensor_A,0.03453279330876613,0
2024-12-01 09:00:00,Sensor_A,0.17394752718026651,0
2024-12-01 10:00:00,Sensor_A,0.7126732968731684,0
2024-12-01 11:00:00,Pump_1,0.26062864253190066,0
2024-12-01 12:00:00,Valve_2,0.21199417924465513,0
2024-12-01 13:00:00,Valve_2,0.1239170255997677,0
2024-12-01 14:00:00,Valve_2,0.2288536250086345,0
2024-12-01 15:00:00,Pump_1,0.7969079010548397,0
2024-12-01 16:00:00,Valve_1,0.1586927324819779,0
2024-12-01 17:00:00,Valve_2,0.770366754588414,0
2024-12-01 18:00:00,Valve_2,0.9115627268691918,0
2024-12-01 19:00:00,Pump_1,0.655374002297286,0
2024-12-01 20:00:00,Pump_1,0.5998323054714969,0
2024-12-01 21:00:00,Valve_2,0.11933634957612282,0
2024-12-01 22:00:00,Sensor_A,0.7445937700405095,0
2024-12-01 23:00:00,Sensor_A,0.4403410853826737,0
2024-12-02 00:00:00,Valve_1,0.4960791612702844,0
2024-12-02 01:00:00,Valve_1,0.6178764789388537,0
2024-12-02 02:00:00,Valve_2,0.7535172424008449,0
2024-12-02 03:00:00,Valve_2,0.7004686860661287,0
2024-12-02 04:00:00,Sensor_A,0.400653667641085,0
2024-12-02 05:00:00,Pump_1,0.5396264572954939,0
2024-12-02 06:00:00,Pump_1,0.12775373799892686,0
2024-12-02 07:00:00,Valve_2,0.6367387525484864,0
2024-12-02 08:00:00,Valve_1,0.32727385647296103,0
2024-12-02 09:00:00,Pump_1,0.20241610734148285,0
2024-12-02 10:00:00,Pump_1,0.8955546573893932,0
2024-12-02 11:00:00,Sensor_A,0.3525745472633499,0
2024-12-02 12:00:00,Pump_1,0.5142913350383416,0
2024-12-02 13:00:00,Sensor_A,0.016892521379555103,0
2024-12-02 14:00:00,Valve_1,0.9211059831210991,0
2024-12-02 15:00:00,Valve_1,0.8042015857806237,0
2024-12-02 16:00:00,Valve_2,0.5920706272044451,0
2024-12-02 17:00:00,Valve_2,0.28974997297478944,0
2024-12-02 18:00:00,Pump_1,0.16927236209061625,0
2024-12-02 19:00:00,Sensor_A,0.8522538005212885,0
2024-12-02 20:00:00,Pump_1,0.045953322726597357,0
2024-12-02 21:00:00,Sensor_A,0.5631580009973205,0
2024-12-02 22:00:00,Sensor_A,0.6935863443947837,0
2024-12-02 23:00:00,Sensor_A,0.8111064717217387,0
2024-12-03 00:00:00,Sensor_A,0.25721544213459635,1
2024-12-03 01:00:00,Pump_1,0.4414124384410406,0
2024-12-03 02:00:00,Sensor_A,0.7829504320858338,0
2024-12-03 03:00:00,Pump_1,0.9838502651010583,0
2024-12-03 04:00:00,Valve_1,0.37564269829958286,0
2024-12-03 05:00:00,Sensor_A,0.12307108476531159,0
2024-12-03 06:00:00,Sensor_A,0.05374611245551786,0
2024-12-03 07:00:00,Valve_2,0.11878961298743396,0
2024-12-03 08:00:00,Valve_1,0.9220567083702939,0
2024-12-03 09:00:00,Pump_1,0.8111394017040555,0
2024-12-03 10:00:00,Valve_1,0.11053882443556651,1
2024-12-03 11:00:00,Pump_1,0.7840964163403634,0
2024-12-03 12:00:00,Pump_1,0.8587377185489435,0
2024-12-03 13:00:00,Valve_1,0.2814610320094061,1
2024-12-03 14:00:00,Pump_1,0.5477736981288479,0
2024-12-03 15:00:00,Pump_1,0.47230630228067927,0
2024-12-03 16:00:00,Valve_2,0.15473963019612214,0
2024-12-03 17:00:00,Valve_1,0.9306724259322231,0
2024-12-03 18:00:00,Sensor_A,0.29802221959650776,0
2024-12-03 19:00:00,Pump_1,0.5397897042944411,0
2024-12-03 20:00:00,Sensor_A,0.4422487535677795,0
2024-12-03 21:00:00,Sensor_A,0.4012902674945501,0
2024-12-03 22:00:00,Pump_1,0.43984230415017556,0
2024-12-03 23:00:00,Valve_2,0.3912568163775776,0
2024-12-04 00:00:00,Valve_1,0.12774318217756753,0
2024-12-04 01:00:00,Pump_1,0.5657611415734306,0
2024-12-04 02:00:00,Sensor_A,0.9888295036689277,0
2024-12-04 03:00:00,Pump_1,0.6007412862101605,0
2024-12-04 04:00:00,Valve_2,0.45565318617523765,0
2024-12-04 05:00:00,Valve_1,0.7334246538531238,0
2024-12-04 06:00:00,Pump_1,0.28024364117980827,0
2024-12-04 07:00:00,Sensor_A,0.9073472481697112,0
2024-12-04 08:00:00,Sensor_A,0.6825997594260154,0
2024-12-04 09:00:00,Pump_1,0.7230388722400487,0
2024-12-04 10:00:00,Pump_1,0.9313362821721334,0
2024-12-04 11:00:00,Valve_2,0.9035796838698394,0
2024-12-04 12:00:00,Valve_2,0.7627195461554407,0
2024-12-04 13:00:00,Pump_1,0.684994621438163,0
2024-12-04 14:00:00,Valve_2,0.2881103968116935,0
2024-12-04 15:00:00,Pump_1,0.06262635836882657,0
2024-12-04 16:00:00,Valve_2,0.6639721277136819,0
2024-12-04 17:00:00,Valve_2,0.40274035738402814,0
2024-12-04 18:00:00,Valve_2,0.745080533152007,0
2024-12-04 19:00:00,Pump_1,0.07606672284923188,0
2024-12-04 20:00:00,Sensor_A,0.6371678401905315,0
2024-12-04 21:00:00,Valve_1,0.3058537819679834,0
2024-12-04 22:00:00,Valve_2,0.9575350639632003,0
2024-12-04 23:00:00,Valve_1,0.37389428418474413,0
2024-12-05 00:00:00,Sensor_A,0.046551701819689706,0
2024-12-05 01:00:00,Valve_2,0.42198042404888503,0
2024-12-05 02:00:00,Valve_1,0.3998556113676123,0
2024-12-05 03:00:00,Valve_2,0.741187975281471,0
2024-12-05 04:00:00,Valve_2,0.2848451561013383,0
2024-12-05 05:00:00,Pump_1,0.013200131852550201,0
2024-12-05 06:00:00,Sensor_A,0.48114149139310813,0
2024-12-05 07:00:00,Valve_2,0.014487104270302531,0
2024-12-05 08:00:00,Valve_2,0.08224288179268602,0
2024-12-05 09:00:00,Valve_2,0.8945580545857086,1
2024-12-05 10:00:00,Valve_2,0.7959736370765046,0
2024-12-05 11:00:00,Pump_1,0.14561133629742373,0
2024-12-05 12:00:00,Valve_2,0.2753945630789921,0
2024-12-05 13:00:00,Sensor_A,0.8543530713031987,0
2024-12-05 14:00:00,Valve_2,0.5149514625294104,0
2024-12-05 15:00:00,Valve_1,0.05576020528004677,0
2024-12-05 16:00:00,Valve_1,0.8156086364163311,0
2024-12-05 17:00:00,Sensor_A,0.4066787270021791,0
2024-12-05 18:00:00,Pump_1,0.3564462919533239,0
2024-12-05 19:00:00,Valve_1,0.10587234200758167,0
2024-12-05 20:00:00,Sensor_A,0.12626425276796782,0
2024-12-05 21:00:00,Valve_2,0.03884696349310279,0
2024-12-05 22:00:00,Sensor_A,0.8293519931201301,0
2024-12-05 23:00:00,Valve_2,0.6809035870921033,0
2024-12-06 00:00:00,Valve_2,0.15119596959214288,0
2024-12-06 01:00:00,Valve_1,0.624898351606703,0
2024-12-06 02:00:00,Sensor_A,0.9505444722184329,0
2024-12-06 03:00:00,Valve_1,0.21576290762875727,0
2024-12-06 04:00:00,Sensor_A,0.8470751256741177,0
2024-12-06 05:00:00,Pump_1,0.3756285793309486,0
2024-12-06 06:00:00,Valve_1,0.3978129064345989,0
2024-12-06 07:00:00,Valve_2,0.20449535914914907,0
2024-12-06 08:00:00,Valve_1,0.7436674621486127,0
2024-12-06 09:00:00,Valve_1,0.1307544042532578,0
2024-12-06 10:00:00,Valve_2,0.1917859006213275,0
2024-12-06 11:00:00,Sensor_A,0.1638625690868688,0
2024-12-06 12:00:00,Pump_1,0.1794044875081503,0
2024-12-06 13:00:00,Pump_1,0.3813911206792202,0
2024-12-06 14:00:00,Sensor_A,0.33840719065605307,0
2024-12-06 15:00:00,Pump_1,0.15228611152087546,0
2024-12-06 16:00:00,Valve_1,0.6231052099307566,0
2024-12-06 17:00:00,Valve_2,0.4607283229665451,0
2024-12-06 18:00:00,Valve_1,0.643262165934665,0
2024-12-06 19:00:00,Pump_1,0.7864431393197036,0
2024-12-06 20:00:00,Pump_1,0.16013107424870487,0
2024-12-06 21:00:00,Sensor_A,0.9747045186848201,0
2024-12-06 22:00:00,Pump_1,0.8625403716254477,0
2024-12-06 23:00:00,Sensor_A,0.1475911650850572,0
2024-12-07 00:00:00,Valve_1,0.23340585277679193,0
2024-12-07 01:00:00,Valve_2,0.15381596588468283,0
2024-12-07 02:00:00,Valve_2,0.7945030383637182,0
2024-12-07 03:00:00,Valve_1,0.805046128383093,0
2024-12-07 04:00:00,Valve_2,0.11516886125146364,0
2024-12-07 05:00:00,Sensor_A,0.37611021444127124,0
2024-12-07 06:00:00,Pump_1,0.35943319049177125,0
2024-12-07 07:00:00,Pump_1,0.1324182434025325,0
2024-12-07 08:00:00,Sensor_A,0.504945358349669,0
2024-12-07 09:00:00,Pump_1,0.3112333225651168,0
2024-12-07 10:00:00,Pump_1,0.9341259706948748,0
2024-12-07 11:00:00,Valve_2,0.6159319943594185,0
2024-12-07 12:00:00,Valve_2,0.5622928860472709,0
2024-12-07 13:00:00,Pump_1,0.2925541472081471,0
2024-12-07 14:00:00,Valve_1,0.28775350277516487,0
2024-12-07 15:00:00,Sensor_A,0.25992299349205505,0
2024-12-07 16:00:00,Valve_1,0.9632364219027889,0
2024-12-07 17:00:00,Pump_1,0.8297664069439881,0
2024-12-07 18:00:00,Valve_2,0.048572939639232815,0
2024-12-07 19:00:00,Valve_2,0.23580980326231005,0
2024-12-07 20:00:00,Valve_2,0.9912322450031306,0
2024-12-07 21:00:00,Sensor_A,0.29786760281817326,0
2024-12-07 22:00:00,Pump_1,0.6146404915450108,0
2024-12-07 23:00:00,Valve_2,0.6492673026014716,0
2024-12-08 00:00:00,Sensor_A,0.833399019744375,0
2024-12-08 01:00:00,Valve_2,0.50257411039821,0
2024-12-08 02:00:00,Valve_2,0.2682202187327565,0
2024-12-08 03:00:00,Pump_1,0.8349231265440655,0
2024-12-08 04:00:00,Valve_2,0.7445424437072516,0
2024-12-08 05:00:00,Sensor_A,0.0470492695928455,0
2024-12-08 06:00:00,Pump_1,0.8057990386751273,0
2024-12-08 07:00:00,Valve_1,0.8423385860771682,0
2024-12-08 08:00:00,Valve_1,0.14496120845367622,0
2024-12-08 09:00:00,Sensor_A,0.8454576677048338,0
2024-12-08 10:00:00,Pump_1,0.9265107184738212,1
2024-12-08 11:00:00,Valve_1,0.6821650948257555,0
2024-12-08 12:00:00,Pump_1,0.18574554196454796,0
2024-12-08 13:00:00,Pump_1,0.474304924616885,0
2024-12-08 14:00:00,Valve_1,0.2860795435122008,0
2024-12-08 15:00:00,Valve_2,0.2642239868915601,0
2024-12-08 16:00:00,Valve_2,0.9920884813558433,0
2024-12-08 17:00:00,Sensor_A,0.6115560313977325,0
2024-12-08 18:00:00,Valve_2,0.9042720513096083,0
2024-12-08 19:00:00,Valve_1,0.33010253473169415,0
2024-12-08 20:00:00,Valve_2,0.7042181294985379,0
2024-12-08 21:00:00,Valve_2,0.48322479595611534,0
2024-12-08 22:00:00,Sensor_A,0.2925840196213555,0
2024-12-08 23:00:00,Valve_2,0.3991940600212489,0
2024-12-09 00:00:00,Valve_1,0.5752250129586509,0
2024-12-09 01:00:00,Valve_1,0.08371287574016761,0
2024-12-09 02:00:00,Valve_2,0.979167337495224,0
2024-12-09 03:00:00,Valve_2,0.3129036646859692,0
2024-12-09 04:00:00,Pump_1,0.10265822951304848,0
2024-12-09 05:00:00,Valve_1,0.0023554410450528085,0
2024-12-09 06:00:00,Valve_1,0.6254709499174546,0
2024-12-09 07:00:00,Valve_1,0.3151879341031403,0
2024-12-09 08:00:00,Valve_1,0.82458261707994,0
2024-12-09 09:00:00,Valve_2,0.7723496871666917,0
2024-12-09 10:00:00,Valve_2,0.773813264250485,0
2024-12-09 11:00:00,Sensor_A,0.03029001778837137,0
2024-12-09 12:00:00,Valve_1,0.1392112005150523,0
2024-12-09 13:00:00,Pump_1,0.8132583879681919,0
2024-12-09 14:00:00,Pump_1,0.5696770914278751,0
2024-12-09 15:00:00,Valve_2,0.21110689326308751,0
2024-12-09 16:00:00,Valve_1,0.26055318949789186,0
2024-12-09 17:00:00,Valve_1,0.45740947537112,0
2024-12-09 18:00:00,Valve_2,0.7209135435389675,0
2024-12-09 19:00:00,Valve_2,0.1144898950718487,0
2024-12-09 20:00:00,Valve_1,0.8017703381516719,0
2024-12-09 21:00:00,Pump_1,0.0422891545005063,0
2024-12-09 22:00:00,Valve_2,0.712845648272375,0
2024-12-09 23:00:00,Sensor_A,0.9965534548651341,0
2024-12-10 00:00:00,Pump_1,0.7063314373045328,0
2024-12-10 01:00:00,Pump_1,0.814789846131569,0
2024-12-10 02:00:00,Pump_1,0.2633491329102048,0
2024-12-10 03:00:00,Pump_1,0.5046028912452185,0
2024-12-10 04:00:00,Pump_1,0.3711053528302741,0
2024-12-10 05:00:00,Valve_1,0.7653908744646858,0
2024-12-10 06:00:00,Sensor_A,0.829306657169261,0
2024-12-10 07:00:00,Valve_2,0.36271066371900695,1
2024-12-10 08:00:00,Valve_1,0.3453803960849876,0
2024-12-10 09:00:00,Sensor_A,0.6600037918703586,0
2024-12-10 10:00:00,Valve_2,0.6108126176276847,1
2024-12-10 11:00:00,Valve_2,0.9979147121076434,0
2024-12-10 12:00:00,Valve_1,0.49048642477270166,0
2024-12-10 13:00:00,Pump_1,0.8421248643185277,0
2024-12-10 14:00:00,Pump_1,0.5654310675554226,0
2024-12-10 15:00:00,Valve_1,0.9619051745862358,0
2024-12-10 16:00:00,Valve_2,0.946357860289486,0
2024-12-10 17:00:00,Valve_2,0.5495354873347784,0
2024-12-10 18:00:00,Valve_2,0.37053716154086946,0
2024-12-10 19:00:00,Valve_2,0.9768644727713505,0
2024-12-10 20:00:00,Valve_2,0.1723585015736292,0
2024-12-10 21:00:00,Sensor_A,0.17751897100685443,0
2024-12-10 22:00:00,Valve_1,0.13942533493256692,0
2024-12-10 23:00:00,Valve_2,0.8173738452497782,0
2024-12-11 00:00:00,Pump_1,0.6253575373219576,0
2024-12-11 01:00:00,Valve_1,0.6220325089083586,0
2024-12-11 02:00:00,Valve_2,0.1214568742644827,0
2024-12-11 03:00:00,Valve_2,0.7366941692132658,0
2024-12-11 04:00:00,Valve_2,0.3632765124426306,0
2024-12-11 05:00:00,Valve_2,0.08190032211753007,0
2024-12-11 06:00:00,Valve_2,0.18383085608926863,0
2024-12-11 07:00:00,Sensor_A,0.39343118335001437,0
2024-12-11 08:00:00,Valve_1,0.8632631578044394,0
2024-12-11 09:00:00,Pump_1,0.586354306016447,0
2024-12-11 10:00:00,Valve_2,0.9883373662421766,0
2024-12-11 11:00:00,Sensor_A,0.8468897098189345,0
2024-12-11 12:00:00,Valve_1,0.5793623765608781,0
2024-12-11 13:00:00,Valve_1,0.6058341830685385,0
2024-12-11 14:00:00,Sensor_A,0.7599237323268357,0
2024-12-11 15:00:00,Pump_1,0.5873811539798287,0
2024-12-11 16:00:00,Valve_2,0.6560197028576605,0
2024-12-11 17:00:00,Sensor_A,0.688346737053861,0
2024-12-11 18:00:00,Valve_2,0.1728232697157539,0
2024-12-11 19:00:00,Valve_1,0.252780941757364,0
2024-12-11 20:00:00,Valve_2,0.6119223689934037,0
2024-12-11 21:00:00,Pump_1,0.6799666079223957,0
2024-12-11 22:00:00,Pump_1,0.7188539778484773,0
2024-12-11 23:00:00,Valve_2,0.8458389081810168,0
2024-12-12 00:00:00,Sensor_A,0.5401303571551814,0
2024-12-12 01:00:00,Valve_1,0.21981265208485,0
2024-12-12 02:00:00,Sensor_A,0.631485393954324,0
2024-12-12 03:00:00,Valve_1,0.4020185150028426,0
2024-12-12 04:00:00,Valve_2,0.5401841782334906,0
2024-12-12 05:00:00,Valve_2,0.9348207341449801,0
2024-12-12 06:00:00,Pump_1,0.8885119976207351,0
2024-12-12 07:00:00,Valve_2,0.16965218614594857,0
2024-12-12 08:00:00,Valve_1,0.7191477666727956,0
2024-12-12 09:00:00,Sensor_A,0.6140033452212789,1
2024-12-12 10:00:00,Sensor_A,0.6168281016850291,0
2024-12-12 11:00:00,Valve_1,0.15590955874085255,0
2024-12-12 12:00:00,Valve_2,0.9583831796083168,0
2024-12-12 13:00:00,Valve_1,0.36125118391975897,0
2024-12-12 14:00:00,Valve_2,0.30487198671127735,0
2024-12-12 15:00:00,Valve_1,0.6605560265595071,0
2024-12-12 16:00:00,Valve_1,0.4674894791788382,0
2024-12-12 17:00:00,Pump_1,0.639827567837504,0
2024-12-12 18:00:00,Valve_1,0.0415943237387989,0
2024-12-12 19:00:00,Valve_1,0.8401149546111045,0
2024-12-12 20:00:00,Pump_1,0.19366979220757075,0
2024-12-12 21:00:00,Pump_1,0.24178513556606118,1
2024-12-12 22:00:00,Valve_2,0.022068410827296825,0
2024-12-12 23:00:00,Valve_2,0.8072665818546472,0
2024-12-13 00:00:00,Sensor_A,0.676445929486369,0
2024-12-13 01:00:00,Sensor_A,0.25091897727446955,0
2024-12-13 02:00:00,Valve_1,0.5241574090260116,0
2024-12-13 03:00:00,Sensor_A,0.8914626773938448,0
2024-12-13 04:00:00,Sensor_A,0.3577643998053718,0
2024-12-13 05:00:00,Pump_1,0.058097802717206104,1
2024-12-13 06:00:00,Sensor_A,0.9260793394881518,0
2024-12-13 07:00:00,Valve_2,0.30219070065386777,0
2024-12-13 08:00:00,Valve_1,0.44901269102504016,0
2024-12-13 09:00:00,Valve_1,0.7554378391029225,0
2024-12-13 10:00:00,Valve_2,0.40795567364711227,0
2024-12-13 11:00:00,Valve_1,0.3641672280267767,0
2024-12-13 12:00:00,Valve_2,0.3079635480227818,0
2024-12-13 13:00:00,Pump_1,0.527787286353874,0
2024-12-13 14:00:00,Sensor_A,0.9790241297436582,0
2024-12-13 15:00:00,Valve_2,0.5673731727125454,0
2024-12-13 16:00:00,Valve_1,0.517687879463042,0
2024-12-13 17:00:00,Valve_2,0.04136488290066931,0
2024-12-13 18:00:00,Sensor_A,0.2963147061875745,0
2024-12-13 19:00:00,Pump_1,0.1099885229297749,0
2024-12-13 20:00:00,Valve_1,0.33227779887303577,0
2024-12-13 21:00:00,Sensor_A,0.7722265240285336,0
2024-12-13 22:00:00,Sensor_A,0.6982531153268723,0
2024-12-13 23:00:00,Valve_2,0.19776627529032764,0
2024-12-14 00:00:00,Pump_1,0.8326907890692531,0
2024-12-14 01:00:00,Valve_1,0.29265505978986517,0
2024-12-14 02:00:00,Valve_1,0.12758216590978677,0
2024-12-14 03:00:00,Sensor_A,0.30101303469863216,0
2024-12-14 04:00:00,Valve_2,0.9871957527985493,0
2024-12-14 05:00:00,Pump_1,0.5672032503441743,0
2024-12-14 06:00:00,Sensor_A,0.004657406200818004,0
2024-12-14 07:00:00,Valve_2,0.8807252984377025,0
2024-12-14 08:00:00,Sensor_A,0.5040652922799872,0
2024-12-14 09:00:00,Valve_1,0.5263899611232189,0
2024-12-14 10:00:00,Sensor_A,0.08816515921672419,0
2024-12-14 11:00:00,Pump_1,0.9320698393952347,0
2024-12-14 12:00:00,Valve_2,0.772092981389635,0
2024-12-14 13:00:00,Pump_1,0.5237280550667318,0
2024-12-14 14:00:00,Pump_1,0.21961169736329866,0
2024-12-14 15:00:00,Valve_2,0.10412726688799856,0
2024-12-14 16:00:00,Valve_1,0.9502390215184612,0
2024-12-14 17:00:00,Sensor_A,0.5409447588332361,0
2024-12-14 18:00:00,Sensor_A,0.6276851705403627,0
2024-12-14 19:00:00,Valve_2,0.3597635790302278,0
2024-12-14 20:00:00,Valve_2,0.9509101070315102,0
2024-12-14 21:00:00,Valve_1,0.8228796840980558,0
2024-12-14 22:00:00,Valve_2,0.11508972374123339,0
2024-12-14 23:00:00,Pump_1,0.23002948845670046,0
2024-12-15 00:00:00,Valve_2,0.5692976692861125,0
2024-12-15 01:00:00,Valve_2,0.6928490393696858,0
2024-12-15 02:00:00,Sensor_A,0.13020351423940002,0
2024-12-15 03:00:00,Valve_2,0.9563759878646494,0
2024-12-15 04:00:00,Pump_1,0.5054166506485454,0
2024-12-15 05:00:00,Pump_1,0.11258156372326888,0
2024-12-15 06:00:00,Pump_1,0.24829864283782466,0
2024-12-15 07:00:00,Valve_2,0.9988420884553877,0
2024-12-15 08:00:00,Valve_2,0.20320628214329017,0
2024-12-15 09:00:00,Sensor_A,0.5592305992542829,0
2024-12-15 10:00:00,Pump_1,0.2124801139473036,0
2024-12-15 11:00:00,Pump_1,0.8933087079769956,0
2024-12-15 12:00:00,Sensor_A,0.002866481478512095,0
2024-12-15 13:00:00,Sensor_A,0.855022224696612,0
2024-12-15 14:00:00,Valve_1,0.4695841633276757,1
2024-12-15 15:00:00,Valve_2,0.5157078587519438,0
2024-12-15 16:00:00,Sensor_A,0.9468565797639483,0
2024-12-15 17:00:00,Pump_1,0.4914098642762791,0
2024-12-15 18:00:00,Valve_2,0.6797731668211542,0
2024-12-15 19:00:00,Sensor_A,0.21113202498507078,0
2024-12-15 20:00:00,Pump_1,0.17270489716883852,0
2024-12-15 21:00:00,Sensor_A,0.5530608178793847,0
2024-12-15 22:00:00,Valve_1,0.004553983001564621,0
2024-12-15 23:00:00,Valve_2,0.3595220697268785,0
2024-12-16 00:00:00,Sensor_A,0.42817791152967233,0
2024-12-16 01:00:00,Pump_1,0.7995717593344523,0
2024-12-16 02:00:00,Valve_1,0.16215522113445668,1
2024-12-16 03:00:00,Valve_1,0.16397933025170686,0
2024-12-16 04:00:00,Valve_1,0.6372218573897412,0
2024-12-16 05:00:00,Sensor_A,0.4848192891553661,1
2024-12-16 06:00:00,Pump_1,0.7019772346705097,0
2024-12-16 07:00:00,Valve_2,0.2667076431930644,0
2024-12-16 08:00:00,Valve_1,0.2855996262722186,0
2024-12-16 09:00:00,Pump_1,0.7774356844883842,1
2024-12-16 10:00:00,Sensor_A,0.8716524315591352,0
2024-12-16 11:00:00,Pump_1,0.38575299111735406,0
2024-12-16 12:00:00,Pump_1,0.8467154920329444,0
2024-12-16 13:00:00,Valve_2,0.5085119520712783,0
2024-12-16 14:00:00,Valve_1,0.11685942748019729,0
2024-12-16 15:00:00,Pump_1,0.14473337191055802,1
2024-12-16 16:00:00,Sensor_A,0.8746063079157541,0
2024-12-16 17:00:00,Sensor_A,0.8622718885649799,0
2024-12-16 18:00:00,Pump_1,0.5344704789466395,0
2024-12-16 19:00:00,Pump_1,0.6044967250637232,0
2024-12-16 20:00:00,Sensor_A,0.43221570237731366,0
2024-12-16 21:00:00,Valve_2,0.9999672074037326,0
2024-12-16 22:00:00,Valve_1,0.44230068586621774,1
2024-12-16 23:00:00,Valve_2,0.5874706563891647,0
2024-12-17 00:00:00,Pump_1,0.09508682850781158,0
2024-12-17 01:00:00,Valve_2,0.9636334535517,0
2024-12-17 02:00:00,Valve_2,0.6681666374279843,0
2024-12-17 03:00:00,Valve_1,0.022737982136447177,0
2024-12-17 04:00:00,Valve_2,0.5169958307059284,0
2024-12-17 05:00:00,Valve_1,0.14458006313930238,0
2024-12-17 06:00:00,Valve_2,0.37724565199765125,0
2024-12-17 07:00:00,Pump_1,0.5522408114015268,0
2024-12-17 08:00:00,Sensor_A,0.012106414127861065,0
2024-12-17 09:00:00,Pump_1,0.4275670747091793,0
2024-12-17 10:00:00,Valve_2,0.8723294057059597,0
2024-12-17 11:00:00,Sensor_A,0.5197470524866332,0
2024-12-17 12:00:00,Valve_2,0.14859167380424532,1
2024-12-17 13:00:00,Sensor_A,0.25208221739199943,0
2024-12-17 14:00:00,Valve_2,0.1943577295858292,0
2024-12-17 15:00:00,Valve_1,0.5788504240176536,0
2024-12-17 16:00:00,Sensor_A,0.09625234733837029,0
2024-12-17 17:00:00,Sensor_A,0.9799122444513306,0
2024-12-17 18:00:00,Sensor_A,0.6855787968237301,0
2024-12-17 19:00:00,Sensor_A,0.2906136890761253,0
2024-12-17 20:00:00,Valve_2,0.6078574370198675,0
2024-12-17 21:00:00,Valve_2,0.9056644725044087,0
2024-12-17 22:00:00,Valve_2,0.14988008515050977,0
2024-12-17 23:00:00,Pump_1,0.3701698187606527,0
2024-12-18 00:00:00,Pump_1,0.31756588746812875,0
2024-12-18 01:00:00,Valve_1,0.372943347485612,0
2024-12-18 02:00:00,Pump_1,0.22262949118965913,0
2024-12-18 03:00:00,Pump_1,0.09887868191663951,0
2024-12-18 04:00:00,Sensor_A,0.9365349116046745,0
2024-12-18 05:00:00,Pump_1,0.8548418189264693,0
2024-12-18 06:00:00,Valve_2,0.7787761868863704,1
2024-12-18 07:00:00,Pump_1,0.26810565520682295,0
2024-12-18 08:00:00,Valve_2,0.5597319314830089,0
2024-12-18 09:00:00,Valve_1,0.7671545970395272,0
2024-12-18 10:00:00,Valve_2,0.2988738263008889,0
2024-12-18 11:00:00,Sensor_A,0.031266644288049705,0
2024-12-18 12:00:00,Sensor_A,0.17698827912357595,0
2024-12-18 13:00:00,Sensor_A,0.28545260449134746,0
2024-12-18 14:00:00,Pump_1,0.33859896153826774,0
2024-12-18 15:00:00,Pump_1,0.46018849870752154,0
2024-12-18 16:00:00,Valve_2,0.8948013363419962,0
2024-12-18 17:00:00,Sensor_A,0.1177865082124695,0
2024-12-18 18:00:00,Pump_1,0.8984717905285721,0
2024-12-18 19:00:00,Pump_1,0.5218167221117598,0
2024-12-18 20:00:00,Pump_1,0.053470954391569236,0
2024-12-18 21:00:00,Sensor_A,0.10032897078598435,0
2024-12-18 22:00:00,Valve_2,0.07638118274136485,0
2024-12-18 23:00:00,Sensor_A,0.20636217399846624,0
2024-12-19 00:00:00,Valve_2,0.3399778583339056,0
2024-12-19 01:00:00,Valve_2,0.35166362388079975,0
2024-12-19 02:00:00,Valve_1,0.559275370493293,0
2024-12-19 03:00:00,Valve_1,0.6315598167642691,0
2024-12-19 04:00:00,Pump_1,0.9523656840753025,0
2024-12-19 05:00:00,Valve_2,0.5818664927664249,0
2024-12-19 06:00:00,Valve_2,0.1722695202535548,0
2024-12-19 07:00:00,Pump_1,0.4069554198330203,0
2024-12-19 08:00:00,Valve_1,0.5479638851436929,1
2024-12-19 09:00:00,Pump_1,0.1572577518275018,0
2024-12-19 10:00:00,Valve_2,0.5569633742361991,0
2024-12-19 11:00:00,Sensor_A,0.08358322209533264,0
2024-12-19 12:00:00,Valve_2,0.6377372450221303,0
2024-12-19 13:00:00,Valve_1,0.9040258931742575,0
2024-12-19 14:00:00,Sensor_A,0.3239880394914627,0
2024-12-19 15:00:00,Pump_1,0.244961245954876,0
2024-12-19 16:00:00,Valve_2,0.9438880401055918,0
2024-12-19 17:00:00,Sensor_A,0.08592665984356884,0
2024-12-19 18:00:00,Valve_1,0.2546915869527623,0
2024-12-19 19:00:00,Pump_1,0.4264641888965355,0
2024-12-19 20:00:00,Pump_1,0.4911876113652467,0
2024-12-19 21:00:00,Sensor_A,0.8892025447789845,0
2024-12-19 22:00:00,Valve_1,0.8888697891932076,0
2024-12-19 23:00:00,Sensor_A,0.82465435355974,0
2024-12-20 00:00:00,Pump_1,0.386708564482103,0
2024-12-20 01:00:00,Valve_2,0.5468998772253628,0
2024-12-20 02:00:00,Sensor_A,0.10535313418256675,0
2024-12-20 03:00:00,Sensor_A,0.18232246624476378,0
2024-12-20 04:00:00,Valve_1,0.46002846292556676,0
2024-12-20 05:00:00,Sensor_A,0.0788912070283102,0
2024-12-20 06:00:00,Valve_1,0.22790752578420082,0
2024-12-20 07:00:00,Sensor_A,0.7542898039420374,0
2024-12-20 08:00:00,Sensor_A,0.3194337165695733,0
2024-12-20 09:00:00,Valve_2,0.9409741625992915,0
2024-12-20 10:00:00,Valve_1,0.8527262520117761,0
2024-12-20 11:00:00,Pump_1,0.31945359494462333,0
2024-12-20 12:00:00,Sensor_A,0.2557768708134167,0
2024-12-20 13:00:00,Sensor_A,0.5858867608413487,0
2024-12-20 14:00:00,Valve_1,0.7226001532583994,0
2024-12-20 15:00:00,Valve_1,0.022326415310670034,0
2024-12-20 16:00:00,Pump_1,0.7641930323089992,0
2024-12-20 17:00:00,Valve_1,0.34240578768515817,0
2024-12-20 18:00:00,Pump_1,0.1603152331590605,0
2024-12-20 19:00:00,Sensor_A,0.15227861753301486,0
2024-12-20 20:00:00,Valve_2,0.945847497229927,0
2024-12-20 21:00:00,Valve_1,0.6085314595642223,0
2024-12-20 22:00:00,Valve_2,0.4397393077392524,0
2024-12-20 23:00:00,Valve_2,0.8689925053017603,0
2024-12-21 00:00:00,Pump_1,0.2056603577504421,0
2024-12-21 01:00:00,Pump_1,0.20288949726457872,0
2024-12-21 02:00:00,Pump_1,0.892741592501118,0
2024-12-21 03:00:00,Valve_2,0.4469213803466455,0
2024-12-21 04:00:00,Pump_1,0.2754932056239029,0
2024-12-21 05:00:00,Pump_1,0.8764657140879344,0
2024-12-21 06:00:00,Sensor_A,0.5926953231887292,0
2024-12-21 07:00:00,Valve_1,0.03703927511394456,0
2024-12-21 08:00:00,Pump_1,0.2136391752262239,0
2024-12-21 09:00:00,Valve_1,0.13152185571555153,0
2024-12-21 10:00:00,Valve_2,0.5496869681191023,0
2024-12-21 11:00:00,Pump_1,0.6866623814532069,0
2024-12-21 12:00:00,Sensor_A,0.27894277306533233,0
2024-12-21 13:00:00,Valve_1,0.8413542251899764,0
2024-12-21 14:00:00,Pump_1,0.19393540597206882,0
2024-12-21 15:00:00,Pump_1,0.8755216007207299,0
2024-12-21 16:00:00,Valve_1,0.9007857562656046,0
2024-12-21 17:00:00,Sensor_A,0.5232991904887864,0
2024-12-21 18:00:00,Pump_1,0.9420049324598149,0
2024-12-21 19:00:00,Valve_1,0.14184248285662948,0
2024-12-21 20:00:00,Sensor_A,0.34504716448708217,0
2024-12-21 21:00:00,Sensor_A,0.00843634921294345,0
2024-12-21 22:00:00,Pump_1,0.12481128446773249,0
2024-12-21 23:00:00,Valve_1,0.6279034333770098,0
2024-12-22 00:00:00,Sensor_A,0.722403754068538,0
2024-12-22 01:00:00,Valve_1,0.5114441798277088,0
2024-12-22 02:00:00,Valve_2,0.595916640679217,0
2024-12-22 03:00:00,Sensor_A,0.1981227347976755,0
2024-12-22 04:00:00,Valve_1,0.10055525714099978,0
2024-12-22 05:00:00,Valve_1,0.3011209663958325,0
2024-12-22 06:00:00,Valve_1,0.8228408459777445,0
2024-12-22 07:00:00,Sensor_A,0.682760486631846,0
2024-12-22 08:00:00,Valve_1,0.16208027989919238,0
2024-12-22 09:00:00,Valve_1,0.8646468204587805,0
2024-12-22 10:00:00,Valve_1,0.5923968150240628,0
2024-12-22 11:00:00,Valve_1,0.47331231274079755,0
2024-12-22 12:00:00,Pump_1,0.5056147643190323,0
2024-12-22 13:00:00,Valve_1,0.7944958740343094,0
2024-12-22 14:00:00,Sensor_A,0.09229458263416879,0
2024-12-22 15:00:00,Pump_1,0.18726196728220013,0
2024-12-22 16:00:00,Sensor_A,0.12463351015660362,0
2024-12-22 17:00:00,Pump_1,0.3705181473919581,0
2024-12-22 18:00:00,Valve_2,0.878895088555088,0
2024-12-22 19:00:00,Valve_1,0.0705179216008921,0
2024-12-22 20:00:00,Valve_1,0.05633210233118813,0
2024-12-22 21:00:00,Valve_2,0.6284217327418414,0
2024-12-22 22:00:00,Valve_2,0.2624623127571456,0
2024-12-22 23:00:00,Sensor_A,0.48657314268212015,0
2024-12-23 00:00:00,Sensor_A,0.42830684430065924,0
2024-12-23 01:00:00,Valve_2,0.47530724773689015,0
2024-12-23 02:00:00,Sensor_A,0.06352994013861935,0
2024-12-23 03:00:00,Valve_1,0.3971843521647771,0
2024-12-23 04:00:00,Sensor_A,0.08267145905828832,0
2024-12-23 05:00:00,Pump_1,0.8052874507423247,0
2024-12-23 06:00:00,Sensor_A,0.17042697058422884,0
2024-12-23 07:00:00,Pump_1,0.3472352545216586,0
2024-12-23 08:00:00,Valve_1,0.4788626880831617,0
2024-12-23 09:00:00,Sensor_A,0.700770273655913,0
2024-12-23 10:00:00,Sensor_A,0.8517688140285238,0
2024-12-23 11:00:00,Valve_2,0.7377415921173274,0
2024-12-23 12:00:00,Sensor_A,0.4538472829685585,0
2024-12-23 13:00:00,Valve_1,0.9760594200938605,0
2024-12-23 14:00:00,Valve_1,0.4751266438595396,0
2024-12-23 15:00:00,Valve_2,0.9384290454671615,0
2024-12-23 16:00:00,Sensor_A,0.6882991639469089,0
2024-12-23 17:00:00,Sensor_A,0.9669220808535651,0
2024-12-23 18:00:00,Valve_2,0.02759636859529979,0
2024-12-23 19:00:00,Sensor_A,0.4534354342885635,0
2024-12-23 20:00:00,Valve_2,0.19737004059794816,0
2024-12-23 21:00:00,Valve_2,0.3804246316815061,0
2024-12-23 22:00:00,Valve_2,0.8749775376940309,0
2024-12-23 23:00:00,Valve_1,0.0873430770594198,0
2024-12-24 00:00:00,Valve_1,0.7247729015527942,0
2024-12-24 01:00:00,Sensor_A,0.8063394775166214,0
2024-12-24 02:00:00,Valve_2,0.7994473044308468,0
2024-12-24 03:00:00,Valve_1,0.6436105709934281,0
2024-12-24 04:00:00,Valve_1,0.9850165143372127,0
2024-12-24 05:00:00,Valve_2,0.2739068042466668,0
2024-12-24 06:00:00,Pump_1,0.7577147526599144,0
2024-12-24 07:00:00,Valve_1,0.3410899033304702,0
2024-12-24 08:00:00,Sensor_A,0.4685696532875694,0
2024-12-24 09:00:00,Valve_1,0.16166273289860766,0
2024-12-24 10:00:00,Valve_1,0.8423965571950108,0
2024-12-24 11:00:00,Pump_1,0.10131932235994578,0
2024-12-24 12:00:00,Valve_2,0.505845790382305,0
2024-12-24 13:00:00,Pump_1,0.6354231422877307,0
2024-12-24 14:00:00,Sensor_A,0.48837510348719193,0
2024-12-24 15:00:00,Valve_2,0.7755643575432044,0
2024-12-24 16:00:00,Pump_1,0.6136616012366244,0
2024-12-24 17:00:00,Valve_2,0.15173939212382392,0
2024-12-24 18:00:00,Pump_1,0.73715185776489,0
2024-12-24 19:00:00,Sensor_A,0.07884538619626302,0
2024-12-24 20:00:00,Valve_1,0.7039908860594776,1
2024-12-24 21:00:00,Valve_1,0.7243047672142465,0
2024-12-24 22:00:00,Pump_1,0.07004155092108422,0
2024-12-24 23:00:00,Pump_1,0.13634759641771244,0
2024-12-25 00:00:00,Pump_1,0.04942240409194243,0
2024-12-25 01:00:00,Valve_2,0.8599661913806167,0
2024-12-25 02:00:00,Sensor_A,0.8038476983939675,0
2024-12-25 03:00:00,Pump_1,0.5405835041564521,0
2024-12-25 04:00:00,Pump_1,0.44008814310786104,0
2024-12-25 05:00:00,Pump_1,0.10819205653092723,0
2024-12-25 06:00:00,Valve_2,0.8116535691067226,0
2024-12-25 07:00:00,Valve_2,0.6745638978367388,0
2024-12-25 08:00:00,Sensor_A,0.45854338140168793,0
2024-12-25 09:00:00,Valve_2,0.2535173247984731,0
2024-12-25 10:00:00,Valve_2,0.8198618213156537,0
2024-12-25 11:00:00,Valve_2,0.15095206593776678,0
2024-12-25 12:00:00,Valve_2,0.12380016032342023,0
2024-12-25 13:00:00,Valve_2,0.1617975288991036,0
2024-12-25 14:00:00,Pump_1,0.11783612442728375,0
2024-12-25 15:00:00,Sensor_A,0.5231981896807067,0
2024-12-25 16:00:00,Valve_2,0.10961582086926569,0
2024-12-25 17:00:00,Valve_1,0.24699380706774754,0
2024-12-25 18:00:00,Valve_2,0.30024766349029386,0
2024-12-25 19:00:00,Pump_1,0.11334321391497126,0
2024-12-25 20:00:00,Pump_1,0.2745194188530138,0
2024-12-25 21:00:00,Sensor_A,0.5334104389987442,0
2024-12-25 22:00:00,Pump_1,0.24288644464746822,0
2024-12-25 23:00:00,Sensor_A,0.9034202634362474,0
2024-12-26 00:00:00,Valve_2,0.764924975900056,0
2024-12-26 01:00:00,Sensor_A,0.7595854402772918,0
2024-12-26 02:00:00,Valve_2,0.49225704267780945,0
2024-12-26 03:00:00,Sensor_A,0.9286515362948234,0
2024-12-26 04:00:00,Valve_1,0.7872272189878656,0
2024-12-26 05:00:00,Pump_1,0.8688297603589542,0
2024-12-26 06:00:00,Valve_1,0.006274216284362977,0
2024-12-26 07:00:00,Sensor_A,0.26285955283163065,0
2024-12-26 08:00:00,Valve_1,0.790182838220119,0
2024-12-26 09:00:00,Sensor_A,0.13659579018885437,0
2024-12-26 10:00:00,Valve_2,0.6412509624681794,0
2024-12-26 11:00:00,Valve_1,0.09948756249547874,0
2024-12-26 12:00:00,Pump_1,0.5347850079612556,0
2024-12-26 13:00:00,Valve_1,0.12002118494762459,0
2024-12-26 14:00:00,Pump_1,0.11227901161206433,0
2024-12-26 15:00:00,Sensor_A,0.427642543405919,0
2024-12-26 16:00:00,Sensor_A,0.8991272516959293,0
2024-12-26 17:00:00,Sensor_A,0.7688758782617813,0
2024-12-26 18:00:00,Valve_2,0.04491567258742968,0
2024-12-26 19:00:00,Sensor_A,0.9850444562489866,0
2024-12-26 20:00:00,Valve_2,0.5374749497060918,0
2024-12-26 21:00:00,Sensor_A,0.2824961108152474,0
2024-12-26 22:00:00,Pump_1,0.12557320182449194,0
2024-12-26 23:00:00,Sensor_A,0.16930266689153894,0
2024-12-27 00:00:00,Valve_1,0.16155158880764853,0
2024-12-27 01:00:00,Pump_1,0.09888038405326272,0
2024-12-27 02:00:00,Pump_1,0.9948996170988348,0
2024-12-27 03:00:00,Pump_1,0.8833943911757094,0
2024-12-27 04:00:00,Valve_1,0.41049628836225205,0
2024-12-27 05:00:00,Valve_1,0.4252581004293904,0
2024-12-27 06:00:00,Pump_1,0.3352450881496086,0
2024-12-27 07:00:00,Valve_2,0.40547544898876586,0
2024-12-27 08:00:00,Valve_2,0.42578013914013313,0
2024-12-27 09:00:00,Valve_2,0.45361555014154276,0
2024-12-27 10:00:00,Valve_1,0.8061941470988003,0
2024-12-27 11:00:00,Valve_1,0.9126449735039162,0
2024-12-27 12:00:00,Valve_2,0.7431349678617708,0
2024-12-27 13:00:00,Sensor_A,0.018430882476433874,0
2024-12-27 14:00:00,Pump_1,0.4754800029099361,1
2024-12-27 15:00:00,Pump_1,0.31033675574391095,0
2024-12-27 16:00:00,Sensor_A,0.39847455542815435,0
2024-12-27 17:00:00,Valve_2,0.12244152570677569,0
2024-12-27 18:00:00,Sensor_A,0.16267767162934288,0
2024-12-27 19:00:00,Valve_1,0.6740405023368714,0
2024-12-27 20:00:00,Sensor_A,0.35968364681455445,0
2024-12-27 21:00:00,Valve_1,0.43288992366882995,0
2024-12-27 22:00:00,Pump_1,0.8738281421890568,0
2024-12-27 23:00:00,Pump_1,0.645227871925938,0
2024-12-28 00:00:00,Pump_1,0.09608018075432179,0
2024-12-28 01:00:00,Valve_2,0.3371371922683085,0
2024-12-28 02:00:00,Valve_2,0.420128294331618,0
2024-12-28 03:00:00,Sensor_A,0.9876389771324036,0
2024-12-28 04:00:00,Sensor_A,0.6115429899114803,0
2024-12-28 05:00:00,Sensor_A,0.22433224735069113,0
2024-12-28 06:00:00,Valve_1,0.8994913539475982,0
2024-12-28 07:00:00,Valve_2,0.7865524282182969,0
2024-12-28 08:00:00,Valve_1,0.3586464644647843,0
2024-12-28 09:00:00,Pump_1,0.8087320613375069,0
2024-12-28 10:00:00,Valve_1,0.9514749483338321,0
2024-12-28 11:00:00,Sensor_A,0.4222206800343532,0
2024-12-28 12:00:00,Pump_1,0.08489550993702943,0
2024-12-28 13:00:00,Pump_1,0.6800616558195479,0
2024-12-28 14:00:00,Valve_1,0.6358625063046028,0
2024-12-28 15:00:00,Valve_2,0.10242698863802713,0
2024-12-28 16:00:00,Pump_1,0.45245880818853546,0
2024-12-28 17:00:00,Valve_1,0.6724149454753046,0
2024-12-28 18:00:00,Sensor_A,0.7177129339632111,0
2024-12-28 19:00:00,Valve_2,0.9712625893732418,0
2024-12-28 20:00:00,Valve_1,0.10128897975649676,0
2024-12-28 21:00:00,Sensor_A,0.358614764776645,0
2024-12-28 22:00:00,Valve_1,0.11814605700714786,0
2024-12-28 23:00:00,Pump_1,0.5487268154443086,0
2024-12-29 00:00:00,Sensor_A,0.2777297082266701,0
2024-12-29 01:00:00,Pump_1,0.7472895304791857,0
2024-12-29 02:00:00,Valve_1,0.6124464903932527,0
2024-12-29 03:00:00,Valve_1,0.25439172717606584,0
2024-12-29 04:00:00,Sensor_A,0.6866266671448216,0
2024-12-29 05:00:00,Pump_1,0.5563063224119658,0
2024-12-29 06:00:00,Valve_1,0.525182581477715,0
2024-12-29 07:00:00,Valve_2,0.4299211708992854,0
2024-12-29 08:00:00,Sensor_A,0.7279265531956314,0
2024-12-29 09:00:00,Valve_2,0.11850755936237434,0
2024-12-29 10:00:00,Valve_1,0.5431774745586256,0
2024-12-29 11:00:00,Pump_1,0.4718668650938014,0
2024-12-29 12:00:00,Pump_1,0.5237242935187307,0
2024-12-29 13:00:00,Valve_2,0.239124386359024,0
2024-12-29 14:00:00,Pump_1,0.48040280811059133,0
2024-12-29 15:00:00,Valve_1,0.7166269510065184,0
2024-12-29 16:00:00,Valve_2,0.18964411671784065,0
2024-12-29 17:00:00,Valve_2,0.7677087599704764,0
2024-12-29 18:00:00,Valve_1,0.6263441215550578,0
2024-12-29 19:00:00,Pump_1,0.9060487317918324,0
2024-12-29 20:00:00,Valve_1,0.2364188245478872,0
2024-12-29 21:00:00,Valve_1,0.20717643957617216,0
2024-12-29 22:00:00,Valve_2,0.3476586669564825,0
2024-12-29 23:00:00,Sensor_A,0.35967520712590784,0
2024-12-30 00:00:00,Sensor_A,0.44963710715924043,0
2024-12-30 01:00:00,Valve_2,0.6526676262430169,0
2024-12-30 02:00:00,Sensor_A,0.35752454424143465,0
2024-12-30 03:00:00,Valve_1,0.5323232063097078,0
2024-12-30 04:00:00,Sensor_A,0.35269669601539233,0
2024-12-30 05:00:00,Valve_2,0.5387656438859121,0
2024-12-30 06:00:00,Pump_1,0.08945169841778933,0
2024-12-30 07:00:00,Pump_1,0.14780154338775564,0
2024-12-30 08:00:00,Pump_1,0.5964579307725586,0
2024-12-30 09:00:00,Valve_1,0.22113476200661186,0
2024-12-30 10:00:00,Valve_1,0.4008576219523211,0
2024-12-30 11:00:00,Sensor_A,0.23914481533070286,0
2024-12-30 12:00:00,Valve_1,0.17811778487516194,0
2024-12-30 13:00:00,Sensor_A,0.13246788708170187,0
2024-12-30 14:00:00,Valve_2,0.9440354184921433,0
2024-12-30 15:00:00,Pump_1,0.0633343747056423,0
2024-12-30 16:00:00,Sensor_A,0.2069099678014904,0
2024-12-30 17:00:00,Valve_2,0.3408722324966421,0
2024-12-30 18:00:00,Pump_1,0.9499416146611779,0
2024-12-30 19:00:00,Valve_1,0.9531392858828365,0
2024-12-30 20:00:00,Valve_1,0.06564979980243957,0
2024-12-30 21:00:00,Valve_2,0.07113972064877394,0
2024-12-30 22:00:00,Valve_2,0.09170206589297036,0
2024-12-30 23:00:00,Valve_2,0.23615107873200847,0
2024-12-31 00:00:00,Valve_2,0.8716972383923247,0
2024-12-31 01:00:00,Valve_2,0.8024685910546459,0
2024-12-31 02:00:00,Valve_2,0.6196358011974679,0
2024-12-31 03:00:00,Valve_2,0.9428291529326099,0
2024-12-31 04:00:00,Sensor_A,0.7035063069532482,0
2024-12-31 05:00:00,Sensor_A,0.45690591519953583,0
2024-12-31 06:00:00,Valve_1,0.18355275556729966,0
2024-12-31 07:00:00,Pump_1,0.18822419234229715,0
2024-12-31 08:00:00,Valve_1,0.8594015598513903,0
2024-12-31 09:00:00,Valve_2,0.8354514674984851,0
2024-12-31 10:00:00,Pump_1,0.7169975314628602,0
2024-12-31 11:00:00,Valve_2,0.005360640960546337,0
2024-12-31 12:00:00,Sensor_A,0.8927073904463553,0
2024-12-31 13:00:00,Pump_1,0.008090948337660442,0
2024-12-31 14:00:00,Pump_1,0.08375463574200637,0
2024-12-31 15:00:00,Valve_2,0.3743097048738394,0
2024-12-31 16:00:00,Pump_1,0.639506624738462,0
2024-12-31 17:00:00,Valve_1,0.7336792925544515,0
2024-12-31 18:00:00,Pump_1,0.32109107312269514,0
2024-12-31 19:00:00,Pump_1,0.4456891063781886,0
2024-12-31 20:00:00,Valve_1,0.9522293864799152,1
2024-12-31 21:00:00,Sensor_A,0.02123462605797599,0
2024-12-31 22:00:00,Valve_2,0.8917495892561453,0
2024-12-31 23:00:00,Valve_1,0.0953389084381665,0
2025-01-01 00:00:00,Pump_1,0.781018281571439,0
2025-01-01 01:00:00,Sensor_A,0.10469421077419727,0
2025-01-01 02:00:00,Valve_1,0.568204779864186,0
2025-01-01 03:00:00,Valve_2,0.22041815246729546,0
2025-01-01 04:00:00,Valve_2,0.772299156870031,0
2025-01-01 05:00:00,Valve_2,0.3503988162605691,0
2025-01-01 06:00:00,Pump_1,0.7370028484963499,0
2025-01-01 07:00:00,Sensor_A,0.86269927100522,0
2025-01-01 08:00:00,Valve_2,0.19025535059511078,0
2025-01-01 09:00:00,Sensor_A,0.17382440366845175,0
2025-01-01 10:00:00,Sensor_A,0.7265940670617519,0
2025-01-01 11:00:00,Valve_2,0.34039448392844673,0
2025-01-01 12:00:00,Pump_1,0.2067850417274789,0
2025-01-01 13:00:00,Pump_1,0.33466512157249706,0
2025-01-01 14:00:00,Pump_1,0.13803634877455828,0
2025-01-01 15:00:00,Valve_1,0.6329062815696928,0
2025-01-01 16:00:00,Valve_1,0.18813669307741943,0
2025-01-01 17:00:00,Sensor_A,0.4492860796950072,0
2025-01-01 18:00:00,Valve_2,0.4982905191527752,0
2025-01-01 19:00:00,Valve_2,0.42885933792919784,0
2025-01-01 20:00:00,Sensor_A,0.22424447030200945,0
2025-01-01 21:00:00,Valve_2,0.7703945531347374,0
2025-01-01 22:00:00,Sensor_A,0.73217481731198,0
2025-01-01 23:00:00,Sensor_A,0.8077568943782366,0
2025-01-02 00:00:00,Valve_2,0.5267992970911635,0
2025-01-02 01:00:00,Valve_1,0.2073602007544073,0
2025-01-02 02:00:00,Valve_2,0.2331147582027141,0
2025-01-02 03:00:00,Pump_1,0.30579395620842564,0
2025-01-02 04:00:00,Valve_2,0.5893492859363567,0
2025-01-02 05:00:00,Sensor_A,0.9335949252879172,0
2025-01-02 06:00:00,Valve_1,0.30759158271345755,0
2025-01-02 07:00:00,Sensor_A,0.8322400414539078,0
2025-01-02 08:00:00,Pump_1,0.27756753812249,0
2025-01-02 09:00:00,Valve_2,0.7758214077676414,0
2025-01-02 10:00:00,Valve_2,0.12017005435584893,0
2025-01-02 11:00:00,Valve_1,0.9293319058143915,0
2025-01-02 12:00:00,Valve_1,0.5973433468344309,0
2025-01-02 13:00:00,Sensor_A,0.027324099694632342,0
2025-01-02 14:00:00,Valve_1,0.46117405108856535,0
2025-01-02 15:00:00,Sensor_A,0.5970364039796271,0
2025-01-02 16:00:00,Pump_1,0.2680587490205466,0
2025-01-02 17:00:00,Valve_2,0.7882083034287469,0
2025-01-02 18:00:00,Valve_2,0.9740914715701607,0
2025-01-02 19:00:00,Valve_2,0.8130197636377596,0
2025-01-02 20:00:00,Valve_2,0.7834253444540588,0
2025-01-02 21:00:00,Sensor_A,0.5443733862973703,0
2025-01-02 22:00:00,Valve_2,0.8039241750820194,0
2025-01-02 23:00:00,Valve_2,0.1894126234016188,0
2025-01-03 00:00:00,Valve_2,0.3843819640915427,0
2025-01-03 01:00:00,Pump_1,0.876319916826039,0
2025-01-03 02:00:00,Valve_1,0.15254423329135536,0
2025-01-03 03:00:00,Sensor_A,0.2876551582983431,0
2025-01-03 04:00:00,Valve_1,0.42925146022193406,0
2025-01-03 05:00:00,Valve_2,0.6535382144611057,0
2025-01-03 06:00:00,Valve_1,0.5250960178578334,0
2025-01-03 07:00:00,Pump_1,0.44600330287831946,0
2025-01-03 08:00:00,Valve_1,0.9156556474441064,0
2025-01-03 09:00:00,Pump_1,0.5696018331356101,0
2025-01-03 10:00:00,Sensor_A,0.6870479465459258,0
2025-01-03 11:00:00,Valve_1,0.97988263617216,0
2025-01-03 12:00:00,Sensor_A,0.9576705788986796,0
2025-01-03 13:00:00,Pump_1,0.7823801061020712,0
2025-01-03 14:00:00,Pump_1,0.9399287394428467,0
2025-01-03 15:00:00,Valve_2,0.4850375311583476,0
2025-01-03 16:00:00,Valve_2,0.9396391789770296,0
2025-01-03 17:00:00,Sensor_A,0.9709865024285564,0
2025-01-03 18:00:00,Valve_2,0.6834610576975323,0
2025-01-03 19:00:00,Sensor_A,0.07702910720704725,0
2025-01-03 20:00:00,Valve_1,0.3881490412396654,0
2025-01-03 21:00:00,Valve_2,0.19599503254783812,0
2025-01-03 22:00:00,Pump_1,0.023730262796765822,0
2025-01-03 23:00:00,Valve_2,0.19452985791354205,0
2025-01-04 00:00:00,Valve_2,0.594309449075235,0
2025-01-04 01:00:00,Valve_1,0.5419207533078101,0
2025-01-04 02:00:00,Sensor_A,0.9656346234045236,0
2025-01-04 03:00:00,Pump_1,0.4966540386355729,0
2025-01-04 04:00:00,Sensor_A,0.9169049992755753,0
2025-01-04 05:00:00,Sensor_A,0.9737525766364618,0
2025-01-04 06:00:00,Valve_1,0.1173608117013194,0
2025-01-04 07:00:00,Sensor_A,0.27207745784730597,0
2025-01-04 08:00:00,Sensor_A,0.8250179801408924,0
2025-01-04 09:00:00,Pump_1,0.5218775834102163,0
2025-01-04 10:00:00,Pump_1,0.1334491549649871,0
2025-01-04 11:00:00,Sensor_A,0.8268026859928358,0
2025-01-04 12:00:00,Valve_2,0.2746694296259711,0
2025-01-04 13:00:00,Pump_1,0.011520556043546182,0
2025-01-04 14:00:00,Pump_1,0.4992550446035582,0
2025-01-04 15:00:00,Pump_1,0.8644534797455491,0
2025-01-04 16:00:00,Pump_1,0.740582806839497,0
2025-01-04 17:00:00,Sensor_A,0.45576120398367304,0
2025-01-04 18:00:00,Pump_1,0.8916816563378261,0
2025-01-04 19:00:00,Sensor_A,0.8329364978764701,0
2025-01-04 20:00:00,Pump_1,0.8386545324382109,0
2025-01-04 21:00:00,Sensor_A,0.44170652970156,0
2025-01-04 22:00:00,Pump_1,0.45649485830275605,0
2025-01-04 23:00:00,Sensor_A,0.6083405668139054,0
2025-01-05 00:00:00,Valve_1,0.5536324289738086,0
2025-01-05 01:00:00,Pump_1,0.07285192487526038,0
2025-01-05 02:00:00,Valve_1,0.10820117526416717,0
2025-01-05 03:00:00,Pump_1,0.292266620883488,0
2025-01-05 04:00:00,Valve_1,0.0937479434316918,0
2025-01-05 05:00:00,Valve_2,0.6663125889316532,0
2025-01-05 06:00:00,Sensor_A,0.9809904600936326,0
2025-01-05 07:00:00,Valve_2,0.8557364293975916,0
2025-01-05 08:00:00,Valve_2,0.8604982267932987,0
2025-01-05 09:00:00,Sensor_A,0.2136081697162895,0
2025-01-05 10:00:00,Pump_1,0.41916860579857873,0
2025-01-05 11:00:00,Sensor_A,0.42740808515480766,0
2025-01-05 12:00:00,Valve_2,0.8164916014167508,0
2025-01-05 13:00:00,Valve_1,0.6732278498452953,0
2025-01-05 14:00:00,Pump_1,0.04998536193214009,0
2025-01-05 15:00:00,Valve_2,0.3561653761830563,0
2025-01-05 16:00:00,Pump_1,0.42658973454496973,0
2025-01-05 17:00:00,Sensor_A,0.7127122001961447,0
2025-01-05 18:00:00,Valve_1,0.38950730249378795,0
2025-01-05 19:00:00,Valve_2,0.3988314696131009,0
2025-01-05 20:00:00,Valve_2,0.1899237451569522,0
2025-01-05 21:00:00,Sensor_A,0.8355276347534739,0
2025-01-05 22:00:00,Sensor_A,0.28075390860129135,0
2025-01-05 23:00:00,Valve_1,0.9589814720597168,0
2025-01-06 00:00:00,Valve_2,0.19361913988189094,0
2025-01-06 01:00:00,Pump_1,0.5827258473158727,0
2025-01-06 02:00:00,Pump_1,0.9882992133136782,0
2025-01-06 03:00:00,Valve_2,0.7613057192342356,0
2025-01-06 04:00:00,Valve_2,0.5225704806678413,0
2025-01-06 05:00:00,Valve_1,0.21500559505374728,0
2025-01-06 06:00:00,Sensor_A,0.022547401674059997,0
2025-01-06 07:00:00,Pump_1,0.9338681272083437,0
2025-01-06 08:00:00,Pump_1,0.22208905940105594,0
2025-01-06 09:00:00,Valve_2,0.20701914556304235,0
2025-01-06 10:00:00,Sensor_A,0.5280539553688479,0
2025-01-06 11:00:00,Valve_1,0.3713674793676238,0
2025-01-06 12:00:00,Sensor_A,0.1344980240007455,0
2025-01-06 13:00:00,Sensor_A,0.1918682600691335,0
2025-01-06 14:00:00,Valve_1,0.9793742100564892,0
2025-01-06 15:00:00,Valve_1,0.5945497819267901,0
2025-01-06 16:00:00,Sensor_A,0.7909390966294405,0
2025-01-06 17:00:00,Pump_1,0.8067141858369314,0
2025-01-06 18:00:00,Sensor_A,0.08501531439234278,0
2025-01-06 19:00:00,Pump_1,0.931435382702022,0
2025-01-06 20:00:00,Pump_1,0.8007409904316679,0
2025-01-06 21:00:00,Valve_2,0.3428629801251517,0
2025-01-06 22:00:00,Sensor_A,0.7705224926948534,0
2025-01-06 23:00:00,Valve_2,0.11976253050139485,0
2025-01-07 00:00:00,Pump_1,0.6159000531631083,0
2025-01-07 01:00:00,Valve_1,0.19664073168101626,1
2025-01-07 02:00:00,Pump_1,0.11000091020483171,0
2025-01-07 03:00:00,Sensor_A,0.17191619531707591,0
2025-01-07 04:00:00,Valve_1,0.5566240337863277,0
2025-01-07 05:00:00,Sensor_A,0.22840228690174325,0
2025-01-07 06:00:00,Valve_1,0.5138417354364827,0
2025-01-07 07:00:00,Valve_1,0.019544293221531284,0
2025-01-07 08:00:00,Pump_1,0.24665306469126003,0
2025-01-07 09:00:00,Valve_2,0.43491109442520215,0
2025-01-07 10:00:00,Valve_2,0.3325045903045062,0
2025-01-07 11:00:00,Sensor_A,0.05117338609599986,0
2025-01-07 12:00:00,Valve_1,0.28666444969565186,0
2025-01-07 13:00:00,Sensor_A,0.6541765421966006,0
2025-01-07 14:00:00,Sensor_A,0.3514643735596734,0
2025-01-07 15:00:00,Valve_1,0.9731158988633593,0
2025-01-07 16:00:00,Sensor_A,0.8410019539222227,0
2025-01-07 17:00:00,Sensor_A,0.5159911145016735,0
2025-01-07 18:00:00,Sensor_A,0.29509650129087994,0
2025-01-07 19:00:00,Sensor_A,0.9692913717882062,0
2025-01-07 20:00:00,Sensor_A,0.6545611825355577,0
2025-01-07 21:00:00,Valve_1,0.2950334034945573,0
2025-01-07 22:00:00,Valve_2,0.6282296522861712,0
2025-01-07 23:00:00,Sensor_A,0.224038392809218,0
2025-01-08 00:00:00,Valve_2,0.1584869173656236,0
2025-01-08 01:00:00,Valve_2,0.8456583418238431,0
2025-01-08 02:00:00,Valve_2,0.21068631043628816,0
2025-01-08 03:00:00,Sensor_A,0.8146742295602699,0
2025-01-08 04:00:00,Valve_2,0.9187330501031077,0
2025-01-08 05:00:00,Sensor_A,0.5864659457972855,0
2025-01-08 06:00:00,Pump_1,0.7756779369786039,0
2025-01-08 07:00:00,Valve_2,0.8577657992213324,0
2025-01-08 08:00:00,Valve_2,0.3350921149766255,0
2025-01-08 09:00:00,Sensor_A,0.24693713851406063,0
2025-01-08 10:00:00,Pump_1,0.7632045121850243,0
2025-01-08 11:00:00,Valve_2,0.12076568813233413,0
2025-01-08 12:00:00,Sensor_A,0.6636726859339794,0
2025-01-08 13:00:00,Sensor_A,0.4256314711633966,0
2025-01-08 14:00:00,Pump_1,0.4392720214741226,0
2025-01-08 15:00:00,Pump_1,0.039268892140756906,0
2025-01-08 16:00:00,Valve_1,0.9884562043167022,0
2025-01-08 17:00:00,Valve_2,0.432884455933065,0
2025-01-08 18:00:00,Valve_2,0.7354725450550708,0
2025-01-08 19:00:00,Sensor_A,0.8523551561234433,0
2025-01-08 20:00:00,Valve_1,0.9187598715765602,0
2025-01-08 21:00:00,Sensor_A,0.5029421443681114,0
2025-01-08 22:00:00,Sensor_A,0.9942373992235001,0
2025-01-08 23:00:00,Valve_2,0.9052828975055157,0
2025-01-09 00:00:00,Valve_1,0.5522125878529467,0
2025-01-09 01:00:00,Pump_1,0.8288775579875797,0
2025-01-09 02:00:00,Sensor_A,0.8929837417123218,0
2025-01-09 03:00:00,Sensor_A,0.2760390763174094,0
2025-01-09 04:00:00,Sensor_A,0.13205942718688524,0
2025-01-09 05:00:00,Sensor_A,0.9396297317240557,0
2025-01-09 06:00:00,Sensor_A,0.19275015558748643,0
2025-01-09 07:00:00,Pump_1,0.5413177742181885,0
2025-01-09 08:00:00,Pump_1,0.5504041663521398,0
2025-01-09 09:00:00,Valve_1,0.8142628478202889,0
2025-01-09 10:00:00,Valve_2,0.6128588244631553,0
2025-01-09 11:00:00,Pump_1,0.9254069589168232,0
2025-01-09 12:00:00,Pump_1,0.7537084349021296,0
2025-01-09 13:00:00,Pump_1,0.6300572973930799,0
2025-01-09 14:00:00,Valve_2,0.44626990080506845,0
2025-01-09 15:00:00,Valve_2,0.1609402587868355,0
2025-01-09 16:00:00,Valve_1,0.8968111207165138,0
2025-01-09 17:00:00,Sensor_A,0.6445128595414347,0
2025-01-09 18:00:00,Pump_1,0.6276599807190046,0
2025-01-09 19:00:00,Sensor_A,0.9439137026464873,1
2025-01-09 20:00:00,Sensor_A,0.7647204308403787,0
2025-01-09 21:00:00,Pump_1,0.9350140026151257,0
2025-01-09 22:00:00,Valve_2,0.35628991587842174,0
2025-01-09 23:00:00,Valve_1,0.1835344041070186,0
2025-01-10 00:00:00,Valve_1,0.4085515478361902,0
2025-01-10 01:00:00,Pump_1,0.324442095358776,0
2025-01-10 02:00:00,Sensor_A,0.25672982517191056,1
2025-01-10 03:00:00,Valve_2,0.6216439001854289,0
2025-01-10 04:00:00,Pump_1,0.8611090140914708,0
2025-01-10 05:00:00,Valve_2,0.8141586956082197,0
2025-01-10 06:00:00,Valve_1,0.2991585042770649,0
2025-01-10 07:00:00,Valve_1,0.5736861367189157,0
2025-01-10 08:00:00,Valve_2,0.26241425057392964,1
2025-01-10 09:00:00,Pump_1,0.4210206048520616,0
2025-01-10 10:00:00,Valve_1,0.6324038643471321,0
2025-01-10 11:00:00,Valve_2,0.01121911942090914,0
2025-01-10 12:00:00,Pump_1,0.3929381770368876,0
2025-01-10 13:00:00,Pump_1,0.7056194067277921,0
2025-01-10 14:00:00,Pump_1,0.7978691919953472,0
2025-01-10 15:00:00,Valve_1,0.17610581975919914,0
2025-01-10 16:00:00,Valve_1,0.3581006289028984,0
2025-01-10 17:00:00,Valve_1,0.4429533853763782,0
2025-01-10 18:00:00,Sensor_A,0.10469569917224708,0
2025-01-10 19:00:00,Valve_2,0.40186756323049067,0
2025-01-10 20:00:00,Sensor_A,0.8689062206510405,0
2025-01-10 21:00:00,Valve_2,0.6866962300893298,0
2025-01-10 22:00:00,Pump_1,0.20463537002565202,0
2025-01-10 23:00:00,Pump_1,0.9899013370570905,0
2025-01-11 00:00:00,Sensor_A,0.08110758295379528,0
2025-01-11 01:00:00,Sensor_A,0.5501810590767844,0
2025-01-11 02:00:00,Pump_1,0.6821560195728374,0
2025-01-11 03:00:00,Sensor_A,0.675997757191324,0
2025-01-11 04:00:00,Sensor_A,0.5106251470458337,0
2025-01-11 05:00:00,Pump_1,0.8752046047097303,0
2025-01-11 06:00:00,Valve_1,0.2123605391022273,0
2025-01-11 07:00:00,Valve_2,0.392872254630272,0
2025-01-11 08:00:00,Valve_1,0.8028468012099266,0
2025-01-11 09:00:00,Valve_2,0.18778799234294863,0
2025-01-11 10:00:00,Valve_2,0.1335247977327677,0
2025-01-11 11:00:00,Pump_1,0.6277696810471801,0
2025-01-11 12:00:00,Valve_1,0.5193231766645564,0
2025-01-11 13:00:00,Valve_1,0.5721674130103525,0
2025-01-11 14:00:00,Valve_2,0.4695637849648163,0
2025-01-11 15:00:00,Valve_1,0.3386750002525497,0
